<?xml version="1.0" ?>
<annotation>
  <folder>VOC</folder>
  <filename>Bag (12).jpg</filename>
  <source>
    <database>roboflow.ai</database>
  </source>
  <size>
    <width>800</width>
    <height>800</height>
    <depth>3</depth>
  </size>
  <segmented>0</segmented>
  <object>
    <name>bag</name>
    <bndbox>
      <xmin>172</xmin>
      <ymin>99</ymin>
      <xmax>617</xmax>
      <ymax>731</ymax>
    </bndbox>
  </object>
  <object>
    <name>bag</name>
    <bndbox>
      <xmin>42</xmin>
      <ymin>94</ymin>
      <xmax>624</xmax>
      <ymax>795</ymax>
    </bndbox>
  </object>
</annotation>
