<?xml version="1.0" ?>
<annotation>
  <folder>VOC</folder>
  <filename>Bag (86).jpg</filename>
  <source>
    <database>roboflow.ai</database>
  </source>
  <size>
    <width>940</width>
    <height>940</height>
    <depth>3</depth>
  </size>
  <segmented>0</segmented>
  <object>
    <name>bag</name>
    <bndbox>
      <xmin>221</xmin>
      <ymin>94</ymin>
      <xmax>709</xmax>
      <ymax>780</ymax>
    </bndbox>
  </object>
  <object>
    <name>bag</name>
    <bndbox>
      <xmin>219</xmin>
      <ymin>94</ymin>
      <xmax>721</xmax>
      <ymax>867</ymax>
    </bndbox>
  </object>
</annotation>
