<?xml version="1.0" ?>
<annotation>
  <folder>VOC</folder>
  <filename>Bag (99).jpg</filename>
  <source>
    <database>roboflow.ai</database>
  </source>
  <size>
    <width>960</width>
    <height>634</height>
    <depth>3</depth>
  </size>
  <segmented>0</segmented>
  <object>
    <name>bag</name>
    <bndbox>
      <xmin>0</xmin>
      <ymin>15</ymin>
      <xmax>556</xmax>
      <ymax>627</ymax>
    </bndbox>
  </object>
  <object>
    <name>bag</name>
    <bndbox>
      <xmin>0</xmin>
      <ymin>15</ymin>
      <xmax>549</xmax>
      <ymax>349</ymax>
    </bndbox>
  </object>
</annotation>
