<?xml version="1.0" ?>
<annotation>
  <folder>VOC</folder>
  <filename>Bag (34).jpg</filename>
  <source>
    <database>roboflow.ai</database>
  </source>
  <size>
    <width>1080</width>
    <height>1439</height>
    <depth>3</depth>
  </size>
  <segmented>0</segmented>
  <object>
    <name>bag</name>
    <bndbox>
      <xmin>383</xmin>
      <ymin>69</ymin>
      <xmax>702</xmax>
      <ymax>477</ymax>
    </bndbox>
  </object>
  <object>
    <name>bag</name>
    <bndbox>
      <xmin>8</xmin>
      <ymin>1050</ymin>
      <xmax>336</xmax>
      <ymax>1386</ymax>
    </bndbox>
  </object>
  <object>
    <name>bag</name>
    <bndbox>
      <xmin>31</xmin>
      <ymin>28</ymin>
      <xmax>330</xmax>
      <ymax>471</ymax>
    </bndbox>
  </object>
  <object>
    <name>bag</name>
    <bndbox>
      <xmin>757</xmin>
      <ymin>27</ymin>
      <xmax>1052</xmax>
      <ymax>473</ymax>
    </bndbox>
  </object>
  <object>
    <name>bag</name>
    <bndbox>
      <xmin>42</xmin>
      <ymin>542</ymin>
      <xmax>328</xmax>
      <ymax>963</ymax>
    </bndbox>
  </object>
  <object>
    <name>bag</name>
    <bndbox>
      <xmin>761</xmin>
      <ymin>505</ymin>
      <xmax>1071</xmax>
      <ymax>951</ymax>
    </bndbox>
  </object>
  <object>
    <name>bag</name>
    <bndbox>
      <xmin>749</xmin>
      <ymin>1003</ymin>
      <xmax>1053</xmax>
      <ymax>1434</ymax>
    </bndbox>
  </object>
  <object>
    <name>bag</name>
    <bndbox>
      <xmin>374</xmin>
      <ymin>964</ymin>
      <xmax>666</xmax>
      <ymax>1422</ymax>
    </bndbox>
  </object>
  <object>
    <name>bag</name>
    <bndbox>
      <xmin>376</xmin>
      <ymin>555</ymin>
      <xmax>722</xmax>
      <ymax>962</ymax>
    </bndbox>
  </object>
</annotation>
