<?xml version="1.0" ?>
<annotation>
  <folder>VOC</folder>
  <filename>Bag (19).jpg</filename>
  <source>
    <database>roboflow.ai</database>
  </source>
  <size>
    <width>800</width>
    <height>800</height>
    <depth>3</depth>
  </size>
  <segmented>0</segmented>
  <object>
    <name>bag</name>
    <bndbox>
      <xmin>121</xmin>
      <ymin>342</ymin>
      <xmax>425</xmax>
      <ymax>711</ymax>
    </bndbox>
  </object>
  <object>
    <name>bag</name>
    <bndbox>
      <xmin>576</xmin>
      <ymin>275</ymin>
      <xmax>782</xmax>
      <ymax>599</ymax>
    </bndbox>
  </object>
  <object>
    <name>bag</name>
    <bndbox>
      <xmin>287</xmin>
      <ymin>201</ymin>
      <xmax>490</xmax>
      <ymax>396</ymax>
    </bndbox>
  </object>
  <object>
    <name>bag</name>
    <bndbox>
      <xmin>391</xmin>
      <ymin>297</ymin>
      <xmax>618</xmax>
      <ymax>655</ymax>
    </bndbox>
  </object>
  <object>
    <name>bag</name>
    <bndbox>
      <xmin>3</xmin>
      <ymin>197</ymin>
      <xmax>266</xmax>
      <ymax>567</ymax>
    </bndbox>
  </object>
  <object>
    <name>bag</name>
    <bndbox>
      <xmin>110</xmin>
      <ymin>139</ymin>
      <xmax>305</xmax>
      <ymax>366</ymax>
    </bndbox>
  </object>
  <object>
    <name>bag</name>
    <bndbox>
      <xmin>403</xmin>
      <ymin>51</ymin>
      <xmax>798</xmax>
      <ymax>317</ymax>
    </bndbox>
  </object>
  <object>
    <name>bag</name>
    <bndbox>
      <xmin>4</xmin>
      <ymin>139</ymin>
      <xmax>782</xmax>
      <ymax>711</ymax>
    </bndbox>
  </object>
</annotation>
