<?xml version="1.0" ?>
<annotation>
  <folder>VOC</folder>
  <filename>Bag (59).jpg</filename>
  <source>
    <database>roboflow.ai</database>
  </source>
  <size>
    <width>637</width>
    <height>615</height>
    <depth>3</depth>
  </size>
  <segmented>0</segmented>
  <object>
    <name>bag</name>
    <bndbox>
      <xmin>300</xmin>
      <ymin>338</ymin>
      <xmax>601</xmax>
      <ymax>555</ymax>
    </bndbox>
  </object>
  <object>
    <name>bag</name>
    <bndbox>
      <xmin>227</xmin>
      <ymin>21</ymin>
      <xmax>396</xmax>
      <ymax>246</ymax>
    </bndbox>
  </object>
  <object>
    <name>bag</name>
    <bndbox>
      <xmin>45</xmin>
      <ymin>197</ymin>
      <xmax>299</xmax>
      <ymax>574</ymax>
    </bndbox>
  </object>
  <object>
    <name>bag</name>
    <bndbox>
      <xmin>158</xmin>
      <ymin>436</ymin>
      <xmax>295</xmax>
      <ymax>577</ymax>
    </bndbox>
  </object>
</annotation>
