<?xml version="1.0" ?>
<annotation>
  <folder>VOC</folder>
  <filename>Bag (42).jpg</filename>
  <source>
    <database>roboflow.ai</database>
  </source>
  <size>
    <width>900</width>
    <height>1200</height>
    <depth>3</depth>
  </size>
  <segmented>0</segmented>
  <object>
    <name>bag</name>
    <bndbox>
      <xmin>241</xmin>
      <ymin>86</ymin>
      <xmax>766</xmax>
      <ymax>954</ymax>
    </bndbox>
  </object>
  <object>
    <name>bag</name>
    <bndbox>
      <xmin>102</xmin>
      <ymin>267</ymin>
      <xmax>190</xmax>
      <ymax>326</ymax>
    </bndbox>
  </object>
</annotation>
