<?xml version="1.0" ?>
<annotation>
  <folder>VOC</folder>
  <filename>Bag (49).jpg</filename>
  <source>
    <database>roboflow.ai</database>
  </source>
  <size>
    <width>750</width>
    <height>998</height>
    <depth>3</depth>
  </size>
  <segmented>0</segmented>
  <object>
    <name>bag</name>
    <bndbox>
      <xmin>163</xmin>
      <ymin>373</ymin>
      <xmax>460</xmax>
      <ymax>862</ymax>
    </bndbox>
  </object>
  <object>
    <name>bag</name>
    <bndbox>
      <xmin>165</xmin>
      <ymin>382</ymin>
      <xmax>384</xmax>
      <ymax>860</ymax>
    </bndbox>
  </object>
  <object>
    <name>bag</name>
    <bndbox>
      <xmin>436</xmin>
      <ymin>327</ymin>
      <xmax>609</xmax>
      <ymax>840</ymax>
    </bndbox>
  </object>
</annotation>
