<?xml version="1.0" ?>
<annotation>
  <folder>VOC</folder>
  <filename>Bag (4).jpg</filename>
  <source>
    <database>roboflow.ai</database>
  </source>
  <size>
    <width>800</width>
    <height>800</height>
    <depth>3</depth>
  </size>
  <segmented>0</segmented>
  <object>
    <name>bag</name>
    <bndbox>
      <xmin>59</xmin>
      <ymin>166</ymin>
      <xmax>417</xmax>
      <ymax>687</ymax>
    </bndbox>
  </object>
  <object>
    <name>bag</name>
    <bndbox>
      <xmin>404</xmin>
      <ymin>237</ymin>
      <xmax>739</xmax>
      <ymax>656</ymax>
    </bndbox>
  </object>
  <object>
    <name>bag</name>
    <bndbox>
      <xmin>744</xmin>
      <ymin>243</ymin>
      <xmax>799</xmax>
      <ymax>424</ymax>
    </bndbox>
  </object>
  <object>
    <name>bag</name>
    <bndbox>
      <xmin>0</xmin>
      <ymin>502</ymin>
      <xmax>73</xmax>
      <ymax>648</ymax>
    </bndbox>
  </object>
  <object>
    <name>bag</name>
    <bndbox>
      <xmin>362</xmin>
      <ymin>517</ymin>
      <xmax>712</xmax>
      <ymax>731</ymax>
    </bndbox>
  </object>
  <object>
    <name>bag</name>
    <bndbox>
      <xmin>0</xmin>
      <ymin>502</ymin>
      <xmax>65</xmax>
      <ymax>620</ymax>
    </bndbox>
  </object>
  <object>
    <name>bag</name>
    <bndbox>
      <xmin>397</xmin>
      <ymin>550</ymin>
      <xmax>712</xmax>
      <ymax>730</ymax>
    </bndbox>
  </object>
</annotation>
