<?xml version="1.0" ?>
<annotation>
  <folder>VOC</folder>
  <filename>Bag (41).jpg</filename>
  <source>
    <database>roboflow.ai</database>
  </source>
  <size>
    <width>1080</width>
    <height>1440</height>
    <depth>3</depth>
  </size>
  <segmented>0</segmented>
  <object>
    <name>bag</name>
    <bndbox>
      <xmin>164</xmin>
      <ymin>29</ymin>
      <xmax>989</xmax>
      <ymax>1254</ymax>
    </bndbox>
  </object>
  <object>
    <name>bag</name>
    <bndbox>
      <xmin>215</xmin>
      <ymin>1022</ymin>
      <xmax>1077</xmax>
      <ymax>1437</ymax>
    </bndbox>
  </object>
</annotation>
