<?xml version="1.0" ?>
<annotation>
  <folder>VOC</folder>
  <filename>Bag (3).jpg</filename>
  <source>
    <database>roboflow.ai</database>
  </source>
  <size>
    <width>800</width>
    <height>800</height>
    <depth>3</depth>
  </size>
  <segmented>0</segmented>
  <object>
    <name>bag</name>
    <bndbox>
      <xmin>278</xmin>
      <ymin>75</ymin>
      <xmax>673</xmax>
      <ymax>757</ymax>
    </bndbox>
  </object>
  <object>
    <name>bag</name>
    <bndbox>
      <xmin>372</xmin>
      <ymin>436</ymin>
      <xmax>674</xmax>
      <ymax>753</ymax>
    </bndbox>
  </object>
</annotation>
