<?xml version="1.0" ?>
<annotation>
  <folder>VOC</folder>
  <filename>Bag (44).jpg</filename>
  <source>
    <database>roboflow.ai</database>
  </source>
  <size>
    <width>736</width>
    <height>980</height>
    <depth>3</depth>
  </size>
  <segmented>0</segmented>
  <object>
    <name>bag</name>
    <bndbox>
      <xmin>5</xmin>
      <ymin>122</ymin>
      <xmax>641</xmax>
      <ymax>975</ymax>
    </bndbox>
  </object>
  <object>
    <name>bag</name>
    <bndbox>
      <xmin>84</xmin>
      <ymin>126</ymin>
      <xmax>642</xmax>
      <ymax>877</ymax>
    </bndbox>
  </object>
  <object>
    <name>bag</name>
    <bndbox>
      <xmin>21</xmin>
      <ymin>125</ymin>
      <xmax>641</xmax>
      <ymax>876</ymax>
    </bndbox>
  </object>
</annotation>
