<?xml version="1.0" ?>
<annotation>
  <folder>VOC</folder>
  <filename>Bag (2).jpg</filename>
  <source>
    <database>roboflow.ai</database>
  </source>
  <size>
    <width>828</width>
    <height>828</height>
    <depth>3</depth>
  </size>
  <segmented>0</segmented>
  <object>
    <name>bag</name>
    <bndbox>
      <xmin>609</xmin>
      <ymin>306</ymin>
      <xmax>761</xmax>
      <ymax>524</ymax>
    </bndbox>
  </object>
  <object>
    <name>bag</name>
    <bndbox>
      <xmin>603</xmin>
      <ymin>580</ymin>
      <xmax>756</xmax>
      <ymax>800</ymax>
    </bndbox>
  </object>
  <object>
    <name>bag</name>
    <bndbox>
      <xmin>603</xmin>
      <ymin>24</ymin>
      <xmax>754</xmax>
      <ymax>244</ymax>
    </bndbox>
  </object>
  <object>
    <name>bag</name>
    <bndbox>
      <xmin>51</xmin>
      <ymin>0</ymin>
      <xmax>486</xmax>
      <ymax>727</ymax>
    </bndbox>
  </object>
</annotation>
