<?xml version="1.0" ?>
<annotation>
  <folder>VOC</folder>
  <filename>Bag (64).jpg</filename>
  <source>
    <database>roboflow.ai</database>
  </source>
  <size>
    <width>819</width>
    <height>536</height>
    <depth>3</depth>
  </size>
  <segmented>0</segmented>
  <object>
    <name>bag</name>
    <bndbox>
      <xmin>0</xmin>
      <ymin>0</ymin>
      <xmax>330</xmax>
      <ymax>533</ymax>
    </bndbox>
  </object>
  <object>
    <name>bag</name>
    <bndbox>
      <xmin>385</xmin>
      <ymin>21</ymin>
      <xmax>761</xmax>
      <ymax>517</ymax>
    </bndbox>
  </object>
  <object>
    <name>bag</name>
    <bndbox>
      <xmin>587</xmin>
      <ymin>232</ymin>
      <xmax>761</xmax>
      <ymax>494</ymax>
    </bndbox>
  </object>
  <object>
    <name>bag</name>
    <bndbox>
      <xmin>108</xmin>
      <ymin>192</ymin>
      <xmax>330</xmax>
      <ymax>532</ymax>
    </bndbox>
  </object>
</annotation>
