<?xml version="1.0" ?>
<annotation>
  <folder>VOC</folder>
  <filename>Bag (39).jpg</filename>
  <source>
    <database>roboflow.ai</database>
  </source>
  <size>
    <width>640</width>
    <height>640</height>
    <depth>3</depth>
  </size>
  <segmented>0</segmented>
  <object>
    <name>bag</name>
    <bndbox>
      <xmin>180</xmin>
      <ymin>64</ymin>
      <xmax>551</xmax>
      <ymax>619</ymax>
    </bndbox>
  </object>
  <object>
    <name>bag</name>
    <bndbox>
      <xmin>178</xmin>
      <ymin>1</ymin>
      <xmax>552</xmax>
      <ymax>620</ymax>
    </bndbox>
  </object>
</annotation>
