<?xml version="1.0" ?>
<annotation>
  <folder>VOC</folder>
  <filename>Bag (20).jpg</filename>
  <source>
    <database>roboflow.ai</database>
  </source>
  <size>
    <width>800</width>
    <height>800</height>
    <depth>3</depth>
  </size>
  <segmented>0</segmented>
  <object>
    <name>bag</name>
    <bndbox>
      <xmin>348</xmin>
      <ymin>214</ymin>
      <xmax>583</xmax>
      <ymax>579</ymax>
    </bndbox>
  </object>
  <object>
    <name>bag</name>
    <bndbox>
      <xmin>98</xmin>
      <ymin>210</ymin>
      <xmax>351</xmax>
      <ymax>585</ymax>
    </bndbox>
  </object>
</annotation>
