<?xml version="1.0" ?>
<annotation>
  <folder>VOC</folder>
  <filename>Bag (35).jpg</filename>
  <source>
    <database>roboflow.ai</database>
  </source>
  <size>
    <width>1080</width>
    <height>1439</height>
    <depth>3</depth>
  </size>
  <segmented>0</segmented>
  <object>
    <name>bag</name>
    <bndbox>
      <xmin>408</xmin>
      <ymin>14</ymin>
      <xmax>671</xmax>
      <ymax>470</ymax>
    </bndbox>
  </object>
  <object>
    <name>bag</name>
    <bndbox>
      <xmin>753</xmin>
      <ymin>43</ymin>
      <xmax>1058</xmax>
      <ymax>460</ymax>
    </bndbox>
  </object>
  <object>
    <name>bag</name>
    <bndbox>
      <xmin>417</xmin>
      <ymin>495</ymin>
      <xmax>698</xmax>
      <ymax>961</ymax>
    </bndbox>
  </object>
  <object>
    <name>bag</name>
    <bndbox>
      <xmin>48</xmin>
      <ymin>61</ymin>
      <xmax>306</xmax>
      <ymax>458</ymax>
    </bndbox>
  </object>
  <object>
    <name>bag</name>
    <bndbox>
      <xmin>53</xmin>
      <ymin>978</ymin>
      <xmax>310</xmax>
      <ymax>1435</ymax>
    </bndbox>
  </object>
  <object>
    <name>bag</name>
    <bndbox>
      <xmin>55</xmin>
      <ymin>515</ymin>
      <xmax>301</xmax>
      <ymax>949</ymax>
    </bndbox>
  </object>
  <object>
    <name>bag</name>
    <bndbox>
      <xmin>802</xmin>
      <ymin>984</ymin>
      <xmax>1018</xmax>
      <ymax>1434</ymax>
    </bndbox>
  </object>
  <object>
    <name>bag</name>
    <bndbox>
      <xmin>417</xmin>
      <ymin>980</ymin>
      <xmax>667</xmax>
      <ymax>1422</ymax>
    </bndbox>
  </object>
  <object>
    <name>bag</name>
    <bndbox>
      <xmin>773</xmin>
      <ymin>507</ymin>
      <xmax>1038</xmax>
      <ymax>949</ymax>
    </bndbox>
  </object>
</annotation>
