<?xml version="1.0" ?>
<annotation>
  <folder>VOC</folder>
  <filename>Bag (6).jpg</filename>
  <source>
    <database>roboflow.ai</database>
  </source>
  <size>
    <width>640</width>
    <height>640</height>
    <depth>3</depth>
  </size>
  <segmented>0</segmented>
  <object>
    <name>bag</name>
    <bndbox>
      <xmin>341</xmin>
      <ymin>174</ymin>
      <xmax>629</xmax>
      <ymax>611</ymax>
    </bndbox>
  </object>
  <object>
    <name>bag</name>
    <bndbox>
      <xmin>21</xmin>
      <ymin>176</ymin>
      <xmax>325</xmax>
      <ymax>620</ymax>
    </bndbox>
  </object>
  <object>
    <name>bag</name>
    <bndbox>
      <xmin>317</xmin>
      <ymin>26</ymin>
      <xmax>563</xmax>
      <ymax>379</ymax>
    </bndbox>
  </object>
  <object>
    <name>bag</name>
    <bndbox>
      <xmin>56</xmin>
      <ymin>38</ymin>
      <xmax>303</xmax>
      <ymax>364</ymax>
    </bndbox>
  </object>
</annotation>
