<?xml version="1.0" ?>
<annotation>
  <folder>VOC</folder>
  <filename>Bag (96).jpg</filename>
  <source>
    <database>roboflow.ai</database>
  </source>
  <size>
    <width>420</width>
    <height>560</height>
    <depth>3</depth>
  </size>
  <segmented>0</segmented>
  <object>
    <name>bag</name>
    <bndbox>
      <xmin>51</xmin>
      <ymin>59</ymin>
      <xmax>367</xmax>
      <ymax>538</ymax>
    </bndbox>
  </object>
  <object>
    <name>bag</name>
    <bndbox>
      <xmin>90</xmin>
      <ymin>338</ymin>
      <xmax>326</xmax>
      <ymax>504</ymax>
    </bndbox>
  </object>
</annotation>
