<?xml version="1.0" ?>
<annotation>
  <folder>VOC</folder>
  <filename>Bag (58).jpg</filename>
  <source>
    <database>roboflow.ai</database>
  </source>
  <size>
    <width>640</width>
    <height>641</height>
    <depth>3</depth>
  </size>
  <segmented>0</segmented>
  <object>
    <name>bag</name>
    <bndbox>
      <xmin>89</xmin>
      <ymin>169</ymin>
      <xmax>254</xmax>
      <ymax>389</ymax>
    </bndbox>
  </object>
  <object>
    <name>bag</name>
    <bndbox>
      <xmin>125</xmin>
      <ymin>280</ymin>
      <xmax>373</xmax>
      <ymax>560</ymax>
    </bndbox>
  </object>
  <object>
    <name>bag</name>
    <bndbox>
      <xmin>302</xmin>
      <ymin>455</ymin>
      <xmax>509</xmax>
      <ymax>605</ymax>
    </bndbox>
  </object>
  <object>
    <name>bag</name>
    <bndbox>
      <xmin>252</xmin>
      <ymin>169</ymin>
      <xmax>550</xmax>
      <ymax>502</ymax>
    </bndbox>
  </object>
  <object>
    <name>bag</name>
    <bndbox>
      <xmin>90</xmin>
      <ymin>166</ymin>
      <xmax>551</xmax>
      <ymax>604</ymax>
    </bndbox>
  </object>
  <object>
    <name>bag</name>
    <bndbox>
      <xmin>251</xmin>
      <ymin>234</ymin>
      <xmax>399</xmax>
      <ymax>325</ymax>
    </bndbox>
  </object>
  <object>
    <name>bag</name>
    <bndbox>
      <xmin>337</xmin>
      <ymin>169</ymin>
      <xmax>550</xmax>
      <ymax>502</ymax>
    </bndbox>
  </object>
</annotation>
