<?xml version="1.0" ?>
<annotation>
  <folder>VOC</folder>
  <filename>Bag (10).jpg</filename>
  <source>
    <database>roboflow.ai</database>
  </source>
  <size>
    <width>800</width>
    <height>800</height>
    <depth>3</depth>
  </size>
  <segmented>0</segmented>
  <object>
    <name>bag</name>
    <bndbox>
      <xmin>366</xmin>
      <ymin>178</ymin>
      <xmax>663</xmax>
      <ymax>650</ymax>
    </bndbox>
  </object>
  <object>
    <name>bag</name>
    <bndbox>
      <xmin>64</xmin>
      <ymin>182</ymin>
      <xmax>369</xmax>
      <ymax>651</ymax>
    </bndbox>
  </object>
</annotation>
