<?xml version="1.0" ?>
<annotation>
  <folder>VOC</folder>
  <filename>Bag (70).jpg</filename>
  <source>
    <database>roboflow.ai</database>
  </source>
  <size>
    <width>1080</width>
    <height>1440</height>
    <depth>3</depth>
  </size>
  <segmented>0</segmented>
  <object>
    <name>bag</name>
    <bndbox>
      <xmin>84</xmin>
      <ymin>193</ymin>
      <xmax>1016</xmax>
      <ymax>1217</ymax>
    </bndbox>
  </object>
  <object>
    <name>bag</name>
    <bndbox>
      <xmin>96</xmin>
      <ymin>715</ymin>
      <xmax>969</xmax>
      <ymax>1217</ymax>
    </bndbox>
  </object>
</annotation>
