<?xml version="1.0" ?>
<annotation>
  <folder>VOC</folder>
  <filename>Bag (15).jpg</filename>
  <source>
    <database>roboflow.ai</database>
  </source>
  <size>
    <width>800</width>
    <height>800</height>
    <depth>3</depth>
  </size>
  <segmented>0</segmented>
  <object>
    <name>bag</name>
    <bndbox>
      <xmin>174</xmin>
      <ymin>231</ymin>
      <xmax>525</xmax>
      <ymax>751</ymax>
    </bndbox>
  </object>
  <object>
    <name>bag</name>
    <bndbox>
      <xmin>175</xmin>
      <ymin>176</ymin>
      <xmax>265</xmax>
      <ymax>280</ymax>
    </bndbox>
  </object>
</annotation>
