<?xml version="1.0" ?>
<annotation>
  <folder>VOC</folder>
  <filename>Bag (18).jpg</filename>
  <source>
    <database>roboflow.ai</database>
  </source>
  <size>
    <width>600</width>
    <height>600</height>
    <depth>3</depth>
  </size>
  <segmented>0</segmented>
  <object>
    <name>bag</name>
    <bndbox>
      <xmin>287</xmin>
      <ymin>107</ymin>
      <xmax>508</xmax>
      <ymax>457</ymax>
    </bndbox>
  </object>
  <object>
    <name>bag</name>
    <bndbox>
      <xmin>62</xmin>
      <ymin>86</ymin>
      <xmax>293</xmax>
      <ymax>544</ymax>
    </bndbox>
  </object>
  <object>
    <name>bag</name>
    <bndbox>
      <xmin>67</xmin>
      <ymin>87</ymin>
      <xmax>292</xmax>
      <ymax>435</ymax>
    </bndbox>
  </object>
  <object>
    <name>bag</name>
    <bndbox>
      <xmin>62</xmin>
      <ymin>86</ymin>
      <xmax>509</xmax>
      <ymax>595</ymax>
    </bndbox>
  </object>
  <object>
    <name>bag</name>
    <bndbox>
      <xmin>285</xmin>
      <ymin>106</ymin>
      <xmax>509</xmax>
      <ymax>552</ymax>
    </bndbox>
  </object>
</annotation>
