<?xml version="1.0" ?>
<annotation>
  <folder>VOC</folder>
  <filename>Bag (51).jpg</filename>
  <source>
    <database>roboflow.ai</database>
  </source>
  <size>
    <width>900</width>
    <height>1200</height>
    <depth>3</depth>
  </size>
  <segmented>0</segmented>
  <object>
    <name>bag</name>
    <bndbox>
      <xmin>1</xmin>
      <ymin>92</ymin>
      <xmax>791</xmax>
      <ymax>1065</ymax>
    </bndbox>
  </object>
  <object>
    <name>bag</name>
    <bndbox>
      <xmin>716</xmin>
      <ymin>618</ymin>
      <xmax>898</xmax>
      <ymax>965</ymax>
    </bndbox>
  </object>
</annotation>
