<?xml version="1.0" ?>
<annotation>
  <folder>VOC</folder>
  <filename>Bag (55).jpg</filename>
  <source>
    <database>roboflow.ai</database>
  </source>
  <size>
    <width>696</width>
    <height>943</height>
    <depth>3</depth>
  </size>
  <segmented>0</segmented>
  <object>
    <name>bag</name>
    <bndbox>
      <xmin>55</xmin>
      <ymin>323</ymin>
      <xmax>441</xmax>
      <ymax>793</ymax>
    </bndbox>
  </object>
  <object>
    <name>bag</name>
    <bndbox>
      <xmin>177</xmin>
      <ymin>118</ymin>
      <xmax>434</xmax>
      <ymax>339</ymax>
    </bndbox>
  </object>
  <object>
    <name>bag</name>
    <bndbox>
      <xmin>320</xmin>
      <ymin>192</ymin>
      <xmax>621</xmax>
      <ymax>638</ymax>
    </bndbox>
  </object>
</annotation>
