<?xml version="1.0" ?>
<annotation>
  <folder>VOC</folder>
  <filename>Bag (13).jpg</filename>
  <source>
    <database>roboflow.ai</database>
  </source>
  <size>
    <width>800</width>
    <height>800</height>
    <depth>3</depth>
  </size>
  <segmented>0</segmented>
  <object>
    <name>bag</name>
    <bndbox>
      <xmin>466</xmin>
      <ymin>91</ymin>
      <xmax>695</xmax>
      <ymax>441</ymax>
    </bndbox>
  </object>
  <object>
    <name>bag</name>
    <bndbox>
      <xmin>349</xmin>
      <ymin>336</ymin>
      <xmax>662</xmax>
      <ymax>710</ymax>
    </bndbox>
  </object>
  <object>
    <name>bag</name>
    <bndbox>
      <xmin>79</xmin>
      <ymin>292</ymin>
      <xmax>349</xmax>
      <ymax>666</ymax>
    </bndbox>
  </object>
  <object>
    <name>bag</name>
    <bndbox>
      <xmin>632</xmin>
      <ymin>389</ymin>
      <xmax>799</xmax>
      <ymax>654</ymax>
    </bndbox>
  </object>
  <object>
    <name>bag</name>
    <bndbox>
      <xmin>0</xmin>
      <ymin>106</ymin>
      <xmax>260</xmax>
      <ymax>426</ymax>
    </bndbox>
  </object>
  <object>
    <name>bag</name>
    <bndbox>
      <xmin>264</xmin>
      <ymin>170</ymin>
      <xmax>471</xmax>
      <ymax>516</ymax>
    </bndbox>
  </object>
  <object>
    <name>bag</name>
    <bndbox>
      <xmin>0</xmin>
      <ymin>106</ymin>
      <xmax>260</xmax>
      <ymax>503</ymax>
    </bndbox>
  </object>
</annotation>
