<?xml version="1.0" ?>
<annotation>
  <folder>VOC</folder>
  <filename>Bag (5).jpg</filename>
  <source>
    <database>roboflow.ai</database>
  </source>
  <size>
    <width>704</width>
    <height>704</height>
    <depth>3</depth>
  </size>
  <segmented>0</segmented>
  <object>
    <name>bag</name>
    <bndbox>
      <xmin>90</xmin>
      <ymin>66</ymin>
      <xmax>502</xmax>
      <ymax>664</ymax>
    </bndbox>
  </object>
  <object>
    <name>bag</name>
    <bndbox>
      <xmin>90</xmin>
      <ymin>4</ymin>
      <xmax>503</xmax>
      <ymax>666</ymax>
    </bndbox>
  </object>
</annotation>
