<?xml version="1.0" ?>
<annotation>
  <folder>VOC</folder>
  <filename>Bag (46).jpg</filename>
  <source>
    <database>roboflow.ai</database>
  </source>
  <size>
    <width>817</width>
    <height>817</height>
    <depth>3</depth>
  </size>
  <segmented>0</segmented>
  <object>
    <name>bag</name>
    <bndbox>
      <xmin>212</xmin>
      <ymin>24</ymin>
      <xmax>661</xmax>
      <ymax>814</ymax>
    </bndbox>
  </object>
  <object>
    <name>bag</name>
    <bndbox>
      <xmin>212</xmin>
      <ymin>19</ymin>
      <xmax>769</xmax>
      <ymax>814</ymax>
    </bndbox>
  </object>
</annotation>
