<?xml version="1.0" ?>
<annotation>
  <folder>VOC</folder>
  <filename>Bag (31).jpg</filename>
  <source>
    <database>roboflow.ai</database>
  </source>
  <size>
    <width>736</width>
    <height>981</height>
    <depth>3</depth>
  </size>
  <segmented>0</segmented>
  <object>
    <name>bag</name>
    <bndbox>
      <xmin>462</xmin>
      <ymin>137</ymin>
      <xmax>576</xmax>
      <ymax>836</ymax>
    </bndbox>
  </object>
  <object>
    <name>bag</name>
    <bndbox>
      <xmin>420</xmin>
      <ymin>310</ymin>
      <xmax>494</xmax>
      <ymax>831</ymax>
    </bndbox>
  </object>
  <object>
    <name>bag</name>
    <bndbox>
      <xmin>0</xmin>
      <ymin>0</ymin>
      <xmax>299</xmax>
      <ymax>979</ymax>
    </bndbox>
  </object>
  <object>
    <name>bag</name>
    <bndbox>
      <xmin>297</xmin>
      <ymin>503</ymin>
      <xmax>376</xmax>
      <ymax>768</ymax>
    </bndbox>
  </object>
  <object>
    <name>bag</name>
    <bndbox>
      <xmin>371</xmin>
      <ymin>463</ymin>
      <xmax>434</xmax>
      <ymax>776</ymax>
    </bndbox>
  </object>
  <object>
    <name>bag</name>
    <bndbox>
      <xmin>167</xmin>
      <ymin>0</ymin>
      <xmax>566</xmax>
      <ymax>232</ymax>
    </bndbox>
  </object>
</annotation>
