<?xml version="1.0" ?>
<annotation>
  <folder>VOC</folder>
  <filename>Bag (82).jpg</filename>
  <source>
    <database>roboflow.ai</database>
  </source>
  <size>
    <width>418</width>
    <height>418</height>
    <depth>3</depth>
  </size>
  <segmented>0</segmented>
  <object>
    <name>bag</name>
    <bndbox>
      <xmin>88</xmin>
      <ymin>23</ymin>
      <xmax>325</xmax>
      <ymax>380</ymax>
    </bndbox>
  </object>
  <object>
    <name>bag</name>
    <bndbox>
      <xmin>95</xmin>
      <ymin>26</ymin>
      <xmax>166</xmax>
      <ymax>205</ymax>
    </bndbox>
  </object>
</annotation>
