<?xml version="1.0" ?>
<annotation>
  <folder>VOC</folder>
  <filename>Bag (60).jpg</filename>
  <source>
    <database>roboflow.ai</database>
  </source>
  <size>
    <width>450</width>
    <height>300</height>
    <depth>3</depth>
  </size>
  <segmented>0</segmented>
  <object>
    <name>bag</name>
    <bndbox>
      <xmin>39</xmin>
      <ymin>61</ymin>
      <xmax>137</xmax>
      <ymax>205</ymax>
    </bndbox>
  </object>
  <object>
    <name>bag</name>
    <bndbox>
      <xmin>300</xmin>
      <ymin>54</ymin>
      <xmax>422</xmax>
      <ymax>209</ymax>
    </bndbox>
  </object>
  <object>
    <name>bag</name>
    <bndbox>
      <xmin>135</xmin>
      <ymin>88</ymin>
      <xmax>251</xmax>
      <ymax>206</ymax>
    </bndbox>
  </object>
  <object>
    <name>bag</name>
    <bndbox>
      <xmin>221</xmin>
      <ymin>78</ymin>
      <xmax>334</xmax>
      <ymax>213</ymax>
    </bndbox>
  </object>
  <object>
    <name>bag</name>
    <bndbox>
      <xmin>65</xmin>
      <ymin>199</ymin>
      <xmax>203</xmax>
      <ymax>249</ymax>
    </bndbox>
  </object>
  <object>
    <name>bag</name>
    <bndbox>
      <xmin>39</xmin>
      <ymin>53</ymin>
      <xmax>421</xmax>
      <ymax>248</ymax>
    </bndbox>
  </object>
</annotation>
