<?xml version="1.0" ?>
<annotation>
  <folder>VOC</folder>
  <filename>Bag (38).jpg</filename>
  <source>
    <database>roboflow.ai</database>
  </source>
  <size>
    <width>736</width>
    <height>965</height>
    <depth>3</depth>
  </size>
  <segmented>0</segmented>
  <object>
    <name>bag</name>
    <bndbox>
      <xmin>79</xmin>
      <ymin>113</ymin>
      <xmax>675</xmax>
      <ymax>961</ymax>
    </bndbox>
  </object>
  <object>
    <name>bag</name>
    <bndbox>
      <xmin>612</xmin>
      <ymin>154</ymin>
      <xmax>734</xmax>
      <ymax>604</ymax>
    </bndbox>
  </object>
  <object>
    <name>bag</name>
    <bndbox>
      <xmin>79</xmin>
      <ymin>6</ymin>
      <xmax>676</xmax>
      <ymax>961</ymax>
    </bndbox>
  </object>
</annotation>
