<?xml version="1.0" ?>
<annotation>
  <folder>VOC</folder>
  <filename>Bag (45).jpg</filename>
  <source>
    <database>roboflow.ai</database>
  </source>
  <size>
    <width>750</width>
    <height>978</height>
    <depth>3</depth>
  </size>
  <segmented>0</segmented>
  <object>
    <name>bag</name>
    <bndbox>
      <xmin>100</xmin>
      <ymin>474</ymin>
      <xmax>395</xmax>
      <ymax>893</ymax>
    </bndbox>
  </object>
  <object>
    <name>bag</name>
    <bndbox>
      <xmin>105</xmin>
      <ymin>547</ymin>
      <xmax>348</xmax>
      <ymax>891</ymax>
    </bndbox>
  </object>
</annotation>
