<?xml version="1.0" ?>
<annotation>
  <folder>VOC</folder>
  <filename>Bag (7).jpg</filename>
  <source>
    <database>roboflow.ai</database>
  </source>
  <size>
    <width>640</width>
    <height>629</height>
    <depth>3</depth>
  </size>
  <segmented>0</segmented>
  <object>
    <name>bag</name>
    <bndbox>
      <xmin>1</xmin>
      <ymin>5</ymin>
      <xmax>341</xmax>
      <ymax>529</ymax>
    </bndbox>
  </object>
  <object>
    <name>bag</name>
    <bndbox>
      <xmin>318</xmin>
      <ymin>33</ymin>
      <xmax>634</xmax>
      <ymax>542</ymax>
    </bndbox>
  </object>
  <object>
    <name>bag</name>
    <bndbox>
      <xmin>319</xmin>
      <ymin>31</ymin>
      <xmax>635</xmax>
      <ymax>623</ymax>
    </bndbox>
  </object>
</annotation>
