<?xml version="1.0" ?>
<annotation>
  <folder>VOC</folder>
  <filename>Bag (56).jpg</filename>
  <source>
    <database>roboflow.ai</database>
  </source>
  <size>
    <width>920</width>
    <height>590</height>
    <depth>3</depth>
  </size>
  <segmented>0</segmented>
  <object>
    <name>bag</name>
    <bndbox>
      <xmin>152</xmin>
      <ymin>71</ymin>
      <xmax>483</xmax>
      <ymax>520</ymax>
    </bndbox>
  </object>
  <object>
    <name>bag</name>
    <bndbox>
      <xmin>457</xmin>
      <ymin>38</ymin>
      <xmax>787</xmax>
      <ymax>542</ymax>
    </bndbox>
  </object>
</annotation>
