<?xml version="1.0" ?>
<annotation>
  <folder>VOC</folder>
  <filename>Bag (84).jpg</filename>
  <source>
    <database>roboflow.ai</database>
  </source>
  <size>
    <width>777</width>
    <height>1006</height>
    <depth>3</depth>
  </size>
  <segmented>0</segmented>
  <object>
    <name>bag</name>
    <bndbox>
      <xmin>296</xmin>
      <ymin>408</ymin>
      <xmax>714</xmax>
      <ymax>931</ymax>
    </bndbox>
  </object>
  <object>
    <name>bag</name>
    <bndbox>
      <xmin>103</xmin>
      <ymin>423</ymin>
      <xmax>411</xmax>
      <ymax>752</ymax>
    </bndbox>
  </object>
</annotation>
