<?xml version="1.0" ?>
<annotation>
  <folder>VOC</folder>
  <filename>Bag (11).jpg</filename>
  <source>
    <database>roboflow.ai</database>
  </source>
  <size>
    <width>1024</width>
    <height>1365</height>
    <depth>3</depth>
  </size>
  <segmented>0</segmented>
  <object>
    <name>bag</name>
    <bndbox>
      <xmin>51</xmin>
      <ymin>887</ymin>
      <xmax>325</xmax>
      <ymax>1236</ymax>
    </bndbox>
  </object>
  <object>
    <name>bag</name>
    <bndbox>
      <xmin>42</xmin>
      <ymin>28</ymin>
      <xmax>318</xmax>
      <ymax>381</ymax>
    </bndbox>
  </object>
  <object>
    <name>bag</name>
    <bndbox>
      <xmin>690</xmin>
      <ymin>888</ymin>
      <xmax>987</xmax>
      <ymax>1239</ymax>
    </bndbox>
  </object>
  <object>
    <name>bag</name>
    <bndbox>
      <xmin>687</xmin>
      <ymin>455</ymin>
      <xmax>964</xmax>
      <ymax>813</ymax>
    </bndbox>
  </object>
  <object>
    <name>bag</name>
    <bndbox>
      <xmin>699</xmin>
      <ymin>21</ymin>
      <xmax>980</xmax>
      <ymax>374</ymax>
    </bndbox>
  </object>
  <object>
    <name>bag</name>
    <bndbox>
      <xmin>365</xmin>
      <ymin>456</ymin>
      <xmax>653</xmax>
      <ymax>825</ymax>
    </bndbox>
  </object>
  <object>
    <name>bag</name>
    <bndbox>
      <xmin>67</xmin>
      <ymin>458</ymin>
      <xmax>298</xmax>
      <ymax>811</ymax>
    </bndbox>
  </object>
  <object>
    <name>bag</name>
    <bndbox>
      <xmin>400</xmin>
      <ymin>894</ymin>
      <xmax>623</xmax>
      <ymax>1245</ymax>
    </bndbox>
  </object>
  <object>
    <name>bag</name>
    <bndbox>
      <xmin>343</xmin>
      <ymin>30</ymin>
      <xmax>681</xmax>
      <ymax>382</ymax>
    </bndbox>
  </object>
</annotation>
