<?xml version="1.0" ?>
<annotation>
  <folder>VOC</folder>
  <filename>Bag (48).jpg</filename>
  <source>
    <database>roboflow.ai</database>
  </source>
  <size>
    <width>736</width>
    <height>980</height>
    <depth>3</depth>
  </size>
  <segmented>0</segmented>
  <object>
    <name>bag</name>
    <bndbox>
      <xmin>44</xmin>
      <ymin>62</ymin>
      <xmax>702</xmax>
      <ymax>823</ymax>
    </bndbox>
  </object>
  <object>
    <name>bag</name>
    <bndbox>
      <xmin>107</xmin>
      <ymin>699</ymin>
      <xmax>716</xmax>
      <ymax>977</ymax>
    </bndbox>
  </object>
</annotation>
