<?xml version="1.0" ?>
<annotation>
  <folder>VOC</folder>
  <filename>Bag (16).jpg</filename>
  <source>
    <database>roboflow.ai</database>
  </source>
  <size>
    <width>800</width>
    <height>800</height>
    <depth>3</depth>
  </size>
  <segmented>0</segmented>
  <object>
    <name>bag</name>
    <bndbox>
      <xmin>103</xmin>
      <ymin>116</ymin>
      <xmax>400</xmax>
      <ymax>582</ymax>
    </bndbox>
  </object>
  <object>
    <name>bag</name>
    <bndbox>
      <xmin>378</xmin>
      <ymin>254</ymin>
      <xmax>660</xmax>
      <ymax>697</ymax>
    </bndbox>
  </object>
</annotation>
