<?xml version="1.0" ?>
<annotation>
  <folder>VOC</folder>
  <filename>Bag (8).jpg</filename>
  <source>
    <database>roboflow.ai</database>
  </source>
  <size>
    <width>800</width>
    <height>800</height>
    <depth>3</depth>
  </size>
  <segmented>0</segmented>
  <object>
    <name>bag</name>
    <bndbox>
      <xmin>50</xmin>
      <ymin>175</ymin>
      <xmax>381</xmax>
      <ymax>730</ymax>
    </bndbox>
  </object>
  <object>
    <name>bag</name>
    <bndbox>
      <xmin>375</xmin>
      <ymin>178</ymin>
      <xmax>709</xmax>
      <ymax>719</ymax>
    </bndbox>
  </object>
</annotation>
