<?xml version="1.0" ?>
<annotation>
  <folder>VOC</folder>
  <filename>Bag (9).jpg</filename>
  <source>
    <database>roboflow.ai</database>
  </source>
  <size>
    <width>400</width>
    <height>400</height>
    <depth>3</depth>
  </size>
  <segmented>0</segmented>
  <object>
    <name>bag</name>
    <bndbox>
      <xmin>186</xmin>
      <ymin>89</ymin>
      <xmax>354</xmax>
      <ymax>359</ymax>
    </bndbox>
  </object>
  <object>
    <name>bag</name>
    <bndbox>
      <xmin>28</xmin>
      <ymin>86</ymin>
      <xmax>191</xmax>
      <ymax>363</ymax>
    </bndbox>
  </object>
</annotation>
