<?xml version="1.0" ?>
<annotation>
  <folder>VOC</folder>
  <filename>Bag (93).jpg</filename>
  <source>
    <database>roboflow.ai</database>
  </source>
  <size>
    <width>420</width>
    <height>560</height>
    <depth>3</depth>
  </size>
  <segmented>0</segmented>
  <object>
    <name>bag</name>
    <bndbox>
      <xmin>41</xmin>
      <ymin>46</ymin>
      <xmax>369</xmax>
      <ymax>536</ymax>
    </bndbox>
  </object>
  <object>
    <name>bag</name>
    <bndbox>
      <xmin>72</xmin>
      <ymin>302</ymin>
      <xmax>337</xmax>
      <ymax>533</ymax>
    </bndbox>
  </object>
</annotation>
