<?xml version="1.0" ?>
<annotation>
  <folder>VOC</folder>
  <filename>Bag (27).jpg</filename>
  <source>
    <database>roboflow.ai</database>
  </source>
  <size>
    <width>640</width>
    <height>640</height>
    <depth>3</depth>
  </size>
  <segmented>0</segmented>
  <object>
    <name>bag</name>
    <bndbox>
      <xmin>54</xmin>
      <ymin>33</ymin>
      <xmax>463</xmax>
      <ymax>633</ymax>
    </bndbox>
  </object>
  <object>
    <name>bag</name>
    <bndbox>
      <xmin>107</xmin>
      <ymin>36</ymin>
      <xmax>463</xmax>
      <ymax>613</ymax>
    </bndbox>
  </object>
  <object>
    <name>bag</name>
    <bndbox>
      <xmin>110</xmin>
      <ymin>109</ymin>
      <xmax>463</xmax>
      <ymax>609</ymax>
    </bndbox>
  </object>
</annotation>
