<annotation>
	<folder>train</folder>
	<filename>car10.jpg</filename>
	<path>C:\Users\user\Desktop\autonome system\images\train\car10.jpg</path>
	<source>
		<database>Unknown</database>
	</source>
	<size>
		<width>736</width>
		<height>552</height>
		<depth>3</depth>
	</size>
	<segmented>0</segmented>
	<object>
		<name>car</name>
		<pose>Unspecified</pose>
		<truncated>0</truncated>
		<difficult>0</difficult>
		<bndbox>
			<xmin>11</xmin>
			<ymin>160</ymin>
			<xmax>727</xmax>
			<ymax>540</ymax>
		</bndbox>
	</object>
</annotation>
