<annotation>
	<folder>train</folder>
	<filename>car100.jpg</filename>
	<path>C:\Users\user\Desktop\autonome system\images\train\car100.jpg</path>
	<source>
		<database>Unknown</database>
	</source>
	<size>
		<width>800</width>
		<height>419</height>
		<depth>3</depth>
	</size>
	<segmented>0</segmented>
	<object>
		<name>car</name>
		<pose>Unspecified</pose>
		<truncated>0</truncated>
		<difficult>0</difficult>
		<bndbox>
			<xmin>167</xmin>
			<ymin>118</ymin>
			<xmax>657</xmax>
			<ymax>390</ymax>
		</bndbox>
	</object>
</annotation>
