<annotation>
	<folder>train</folder>
	<filename>car17.jpg</filename>
	<path>C:\Users\user\Desktop\autonome system\images\train\car17.jpg</path>
	<source>
		<database>Unknown</database>
	</source>
	<size>
		<width>800</width>
		<height>565</height>
		<depth>3</depth>
	</size>
	<segmented>0</segmented>
	<object>
		<name>car</name>
		<pose>Unspecified</pose>
		<truncated>0</truncated>
		<difficult>0</difficult>
		<bndbox>
			<xmin>131</xmin>
			<ymin>184</ymin>
			<xmax>730</xmax>
			<ymax>480</ymax>
		</bndbox>
	</object>
</annotation>
