<annotation>
	<folder>train</folder>
	<filename>car15.jpg</filename>
	<path>C:\Users\user\Desktop\autonome system\images\train\car15.jpg</path>
	<source>
		<database>Unknown</database>
	</source>
	<size>
		<width>640</width>
		<height>400</height>
		<depth>3</depth>
	</size>
	<segmented>0</segmented>
	<object>
		<name>car</name>
		<pose>Unspecified</pose>
		<truncated>0</truncated>
		<difficult>0</difficult>
		<bndbox>
			<xmin>51</xmin>
			<ymin>114</ymin>
			<xmax>589</xmax>
			<ymax>343</ymax>
		</bndbox>
	</object>
</annotation>
