<annotation>
	<folder>train</folder>
	<filename>car14.jpg</filename>
	<path>C:\Users\user\Desktop\autonome system\images\train\car14.jpg</path>
	<source>
		<database>Unknown</database>
	</source>
	<size>
		<width>640</width>
		<height>400</height>
		<depth>3</depth>
	</size>
	<segmented>0</segmented>
	<object>
		<name>car</name>
		<pose>Unspecified</pose>
		<truncated>0</truncated>
		<difficult>0</difficult>
		<bndbox>
			<xmin>56</xmin>
			<ymin>106</ymin>
			<xmax>585</xmax>
			<ymax>271</ymax>
		</bndbox>
	</object>
</annotation>
