<annotation>
	<folder>train</folder>
	<filename>car23.jpg</filename>
	<path>C:\Users\user\Desktop\autonome system\images\train\car23.jpg</path>
	<source>
		<database>Unknown</database>
	</source>
	<size>
		<width>736</width>
		<height>529</height>
		<depth>3</depth>
	</size>
	<segmented>0</segmented>
	<object>
		<name>car</name>
		<pose>Unspecified</pose>
		<truncated>0</truncated>
		<difficult>0</difficult>
		<bndbox>
			<xmin>48</xmin>
			<ymin>234</ymin>
			<xmax>699</xmax>
			<ymax>508</ymax>
		</bndbox>
	</object>
</annotation>
