<annotation>
	<folder>train</folder>
	<filename>car21.jpg</filename>
	<path>C:\Users\user\Desktop\autonome system\images\train\car21.jpg</path>
	<source>
		<database>Unknown</database>
	</source>
	<size>
		<width>799</width>
		<height>533</height>
		<depth>3</depth>
	</size>
	<segmented>0</segmented>
	<object>
		<name>car</name>
		<pose>Unspecified</pose>
		<truncated>0</truncated>
		<difficult>0</difficult>
		<bndbox>
			<xmin>137</xmin>
			<ymin>53</ymin>
			<xmax>723</xmax>
			<ymax>504</ymax>
		</bndbox>
	</object>
	<object>
		<name>car</name>
		<pose>Unspecified</pose>
		<truncated>1</truncated>
		<difficult>0</difficult>
		<bndbox>
			<xmin>1</xmin>
			<ymin>37</ymin>
			<xmax>251</xmax>
			<ymax>143</ymax>
		</bndbox>
	</object>
</annotation>
