<annotation>
	<folder>train</folder>
	<filename>car2.jpg</filename>
	<path>C:\Users\user\Desktop\autonome system\images\train\car2.jpg</path>
	<source>
		<database>Unknown</database>
	</source>
	<size>
		<width>640</width>
		<height>480</height>
		<depth>3</depth>
	</size>
	<segmented>0</segmented>
	<object>
		<name>car</name>
		<pose>Unspecified</pose>
		<truncated>0</truncated>
		<difficult>0</difficult>
		<bndbox>
			<xmin>6</xmin>
			<ymin>136</ymin>
			<xmax>626</xmax>
			<ymax>415</ymax>
		</bndbox>
	</object>
</annotation>
