<annotation>
	<folder>train</folder>
	<filename>car32.jpg</filename>
	<path>C:\Users\user\Desktop\autonome system\images\train\car32.jpg</path>
	<source>
		<database>Unknown</database>
	</source>
	<size>
		<width>640</width>
		<height>400</height>
		<depth>3</depth>
	</size>
	<segmented>0</segmented>
	<object>
		<name>car</name>
		<pose>Unspecified</pose>
		<truncated>0</truncated>
		<difficult>0</difficult>
		<bndbox>
			<xmin>73</xmin>
			<ymin>64</ymin>
			<xmax>594</xmax>
			<ymax>307</ymax>
		</bndbox>
	</object>
</annotation>
