<annotation>
	<folder>train</folder>
	<filename>car37.jpg</filename>
	<path>C:\Users\user\Desktop\autonome system\images\train\car37.jpg</path>
	<source>
		<database>Unknown</database>
	</source>
	<size>
		<width>800</width>
		<height>503</height>
		<depth>3</depth>
	</size>
	<segmented>0</segmented>
	<object>
		<name>car</name>
		<pose>Unspecified</pose>
		<truncated>0</truncated>
		<difficult>0</difficult>
		<bndbox>
			<xmin>39</xmin>
			<ymin>155</ymin>
			<xmax>771</xmax>
			<ymax>435</ymax>
		</bndbox>
	</object>
</annotation>
