<annotation>
	<folder>train</folder>
	<filename>car3.jpg</filename>
	<path>C:\Users\user\Desktop\autonome system\images\train\car3.jpg</path>
	<source>
		<database>Unknown</database>
	</source>
	<size>
		<width>640</width>
		<height>480</height>
		<depth>3</depth>
	</size>
	<segmented>0</segmented>
	<object>
		<name>car</name>
		<pose>Unspecified</pose>
		<truncated>0</truncated>
		<difficult>0</difficult>
		<bndbox>
			<xmin>19</xmin>
			<ymin>86</ymin>
			<xmax>622</xmax>
			<ymax>387</ymax>
		</bndbox>
	</object>
</annotation>
