<annotation>
	<folder>train</folder>
	<filename>car35.jpg</filename>
	<path>C:\Users\user\Desktop\autonome system\images\train\car35.jpg</path>
	<source>
		<database>Unknown</database>
	</source>
	<size>
		<width>800</width>
		<height>400</height>
		<depth>3</depth>
	</size>
	<segmented>0</segmented>
	<object>
		<name>car</name>
		<pose>Unspecified</pose>
		<truncated>0</truncated>
		<difficult>0</difficult>
		<bndbox>
			<xmin>45</xmin>
			<ymin>133</ymin>
			<xmax>382</xmax>
			<ymax>283</ymax>
		</bndbox>
	</object>
	<object>
		<name>car</name>
		<pose>Unspecified</pose>
		<truncated>0</truncated>
		<difficult>0</difficult>
		<bndbox>
			<xmin>389</xmin>
			<ymin>120</ymin>
			<xmax>746</xmax>
			<ymax>308</ymax>
		</bndbox>
	</object>
</annotation>
