<annotation>
	<folder>train</folder>
	<filename>car40.jpg</filename>
	<path>C:\Users\user\Desktop\autonome system\images\train\car40.jpg</path>
	<source>
		<database>Unknown</database>
	</source>
	<size>
		<width>800</width>
		<height>600</height>
		<depth>3</depth>
	</size>
	<segmented>0</segmented>
	<object>
		<name>car</name>
		<pose>Unspecified</pose>
		<truncated>0</truncated>
		<difficult>0</difficult>
		<bndbox>
			<xmin>57</xmin>
			<ymin>206</ymin>
			<xmax>752</xmax>
			<ymax>531</ymax>
		</bndbox>
	</object>
</annotation>
