<annotation>
	<folder>train</folder>
	<filename>car41.jpg</filename>
	<path>C:\Users\user\Desktop\autonome system\images\train\car41.jpg</path>
	<source>
		<database>Unknown</database>
	</source>
	<size>
		<width>799</width>
		<height>533</height>
		<depth>3</depth>
	</size>
	<segmented>0</segmented>
	<object>
		<name>car</name>
		<pose>Unspecified</pose>
		<truncated>0</truncated>
		<difficult>0</difficult>
		<bndbox>
			<xmin>95</xmin>
			<ymin>193</ymin>
			<xmax>578</xmax>
			<ymax>413</ymax>
		</bndbox>
	</object>
</annotation>
