<annotation>
	<folder>train</folder>
	<filename>car49.jpg</filename>
	<path>C:\Users\user\Desktop\autonome system\images\train\car49.jpg</path>
	<source>
		<database>Unknown</database>
	</source>
	<size>
		<width>800</width>
		<height>500</height>
		<depth>3</depth>
	</size>
	<segmented>0</segmented>
	<object>
		<name>car</name>
		<pose>Unspecified</pose>
		<truncated>0</truncated>
		<difficult>0</difficult>
		<bndbox>
			<xmin>82</xmin>
			<ymin>189</ymin>
			<xmax>683</xmax>
			<ymax>429</ymax>
		</bndbox>
	</object>
</annotation>
