<annotation>
	<folder>train</folder>
	<filename>car44.jpg</filename>
	<path>C:\Users\user\Desktop\autonome system\images\train\car44.jpg</path>
	<source>
		<database>Unknown</database>
	</source>
	<size>
		<width>800</width>
		<height>500</height>
		<depth>3</depth>
	</size>
	<segmented>0</segmented>
	<object>
		<name>car</name>
		<pose>Unspecified</pose>
		<truncated>1</truncated>
		<difficult>0</difficult>
		<bndbox>
			<xmin>1</xmin>
			<ymin>109</ymin>
			<xmax>598</xmax>
			<ymax>493</ymax>
		</bndbox>
	</object>
</annotation>
