<annotation>
	<folder>train</folder>
	<filename>car43.jpg</filename>
	<path>C:\Users\user\Desktop\autonome system\images\train\car43.jpg</path>
	<source>
		<database>Unknown</database>
	</source>
	<size>
		<width>800</width>
		<height>600</height>
		<depth>3</depth>
	</size>
	<segmented>0</segmented>
	<object>
		<name>car</name>
		<pose>Unspecified</pose>
		<truncated>0</truncated>
		<difficult>0</difficult>
		<bndbox>
			<xmin>94</xmin>
			<ymin>273</ymin>
			<xmax>625</xmax>
			<ymax>466</ymax>
		</bndbox>
	</object>
</annotation>
