<annotation>
	<folder>train</folder>
	<filename>car52.jpg</filename>
	<path>C:\Users\user\Desktop\autonome system\images\train\car52.jpg</path>
	<source>
		<database>Unknown</database>
	</source>
	<size>
		<width>800</width>
		<height>450</height>
		<depth>3</depth>
	</size>
	<segmented>0</segmented>
	<object>
		<name>car</name>
		<pose>Unspecified</pose>
		<truncated>0</truncated>
		<difficult>0</difficult>
		<bndbox>
			<xmin>90</xmin>
			<ymin>76</ymin>
			<xmax>739</xmax>
			<ymax>405</ymax>
		</bndbox>
	</object>
</annotation>
