<annotation>
	<folder>train</folder>
	<filename>car54.jpg</filename>
	<path>C:\Users\user\Desktop\autonome system\images\train\car54.jpg</path>
	<source>
		<database>Unknown</database>
	</source>
	<size>
		<width>800</width>
		<height>523</height>
		<depth>3</depth>
	</size>
	<segmented>0</segmented>
	<object>
		<name>car</name>
		<pose>Unspecified</pose>
		<truncated>0</truncated>
		<difficult>0</difficult>
		<bndbox>
			<xmin>17</xmin>
			<ymin>94</ymin>
			<xmax>788</xmax>
			<ymax>466</ymax>
		</bndbox>
	</object>
</annotation>
