<annotation>
	<folder>train</folder>
	<filename>car59.jpg</filename>
	<path>C:\Users\user\Desktop\autonome system\images\train\car59.jpg</path>
	<source>
		<database>Unknown</database>
	</source>
	<size>
		<width>799</width>
		<height>533</height>
		<depth>3</depth>
	</size>
	<segmented>0</segmented>
	<object>
		<name>car</name>
		<pose>Unspecified</pose>
		<truncated>0</truncated>
		<difficult>0</difficult>
		<bndbox>
			<xmin>37</xmin>
			<ymin>150</ymin>
			<xmax>620</xmax>
			<ymax>458</ymax>
		</bndbox>
	</object>
	<object>
		<name>car</name>
		<pose>Unspecified</pose>
		<truncated>0</truncated>
		<difficult>0</difficult>
		<bndbox>
			<xmin>360</xmin>
			<ymin>159</ymin>
			<xmax>766</xmax>
			<ymax>331</ymax>
		</bndbox>
	</object>
</annotation>
