<annotation>
	<folder>train</folder>
	<filename>car50.jpg</filename>
	<path>C:\Users\user\Desktop\autonome system\images\train\car50.jpg</path>
	<source>
		<database>Unknown</database>
	</source>
	<size>
		<width>800</width>
		<height>550</height>
		<depth>3</depth>
	</size>
	<segmented>0</segmented>
	<object>
		<name>car</name>
		<pose>Unspecified</pose>
		<truncated>0</truncated>
		<difficult>0</difficult>
		<bndbox>
			<xmin>23</xmin>
			<ymin>154</ymin>
			<xmax>765</xmax>
			<ymax>436</ymax>
		</bndbox>
	</object>
</annotation>
