<annotation>
	<folder>train</folder>
	<filename>car67.jpg</filename>
	<path>C:\Users\user\Desktop\autonome system\images\train\car67.jpg</path>
	<source>
		<database>Unknown</database>
	</source>
	<size>
		<width>799</width>
		<height>450</height>
		<depth>3</depth>
	</size>
	<segmented>0</segmented>
	<object>
		<name>car</name>
		<pose>Unspecified</pose>
		<truncated>0</truncated>
		<difficult>0</difficult>
		<bndbox>
			<xmin>66</xmin>
			<ymin>196</ymin>
			<xmax>678</xmax>
			<ymax>398</ymax>
		</bndbox>
	</object>
</annotation>
