<annotation>
	<folder>train</folder>
	<filename>car61.jpg</filename>
	<path>C:\Users\user\Desktop\autonome system\images\train\car61.jpg</path>
	<source>
		<database>Unknown</database>
	</source>
	<size>
		<width>799</width>
		<height>587</height>
		<depth>3</depth>
	</size>
	<segmented>0</segmented>
	<object>
		<name>car</name>
		<pose>Unspecified</pose>
		<truncated>0</truncated>
		<difficult>0</difficult>
		<bndbox>
			<xmin>40</xmin>
			<ymin>177</ymin>
			<xmax>757</xmax>
			<ymax>557</ymax>
		</bndbox>
	</object>
</annotation>
