<annotation>
	<folder>train</folder>
	<filename>car6.jpg</filename>
	<path>C:\Users\user\Desktop\autonome system\images\train\car6.jpg</path>
	<source>
		<database>Unknown</database>
	</source>
	<size>
		<width>800</width>
		<height>600</height>
		<depth>3</depth>
	</size>
	<segmented>0</segmented>
	<object>
		<name>car</name>
		<pose>Unspecified</pose>
		<truncated>0</truncated>
		<difficult>0</difficult>
		<bndbox>
			<xmin>97</xmin>
			<ymin>105</ymin>
			<xmax>616</xmax>
			<ymax>551</ymax>
		</bndbox>
	</object>
</annotation>
