<annotation>
	<folder>train</folder>
	<filename>car76.jpg</filename>
	<path>C:\Users\user\Desktop\autonome system\images\train\car76.jpg</path>
	<source>
		<database>Unknown</database>
	</source>
	<size>
		<width>600</width>
		<height>800</height>
		<depth>3</depth>
	</size>
	<segmented>0</segmented>
	<object>
		<name>car</name>
		<pose>Unspecified</pose>
		<truncated>0</truncated>
		<difficult>0</difficult>
		<bndbox>
			<xmin>100</xmin>
			<ymin>357</ymin>
			<xmax>483</xmax>
			<ymax>754</ymax>
		</bndbox>
	</object>
</annotation>
