<annotation>
	<folder>train</folder>
	<filename>car83.jpg</filename>
	<path>C:\Users\user\Desktop\autonome system\images\train\car83.jpg</path>
	<source>
		<database>Unknown</database>
	</source>
	<size>
		<width>800</width>
		<height>372</height>
		<depth>3</depth>
	</size>
	<segmented>0</segmented>
	<object>
		<name>car</name>
		<pose>Unspecified</pose>
		<truncated>0</truncated>
		<difficult>0</difficult>
		<bndbox>
			<xmin>143</xmin>
			<ymin>167</ymin>
			<xmax>424</xmax>
			<ymax>335</ymax>
		</bndbox>
	</object>
	<object>
		<name>car</name>
		<pose>Unspecified</pose>
		<truncated>0</truncated>
		<difficult>0</difficult>
		<bndbox>
			<xmin>435</xmin>
			<ymin>202</ymin>
			<xmax>629</xmax>
			<ymax>295</ymax>
		</bndbox>
	</object>
</annotation>
