<annotation>
	<folder>train</folder>
	<filename>car88.jpg</filename>
	<path>C:\Users\user\Desktop\autonome system\images\train\car88.jpg</path>
	<source>
		<database>Unknown</database>
	</source>
	<size>
		<width>800</width>
		<height>450</height>
		<depth>3</depth>
	</size>
	<segmented>0</segmented>
	<object>
		<name>car</name>
		<pose>Unspecified</pose>
		<truncated>0</truncated>
		<difficult>0</difficult>
		<bndbox>
			<xmin>123</xmin>
			<ymin>81</ymin>
			<xmax>755</xmax>
			<ymax>345</ymax>
		</bndbox>
	</object>
</annotation>
