<annotation>
	<folder>train</folder>
	<filename>car95.jpg</filename>
	<path>C:\Users\user\Desktop\autonome system\images\train\car95.jpg</path>
	<source>
		<database>Unknown</database>
	</source>
	<size>
		<width>799</width>
		<height>533</height>
		<depth>3</depth>
	</size>
	<segmented>0</segmented>
	<object>
		<name>car</name>
		<pose>Unspecified</pose>
		<truncated>0</truncated>
		<difficult>0</difficult>
		<bndbox>
			<xmin>37</xmin>
			<ymin>70</ymin>
			<xmax>662</xmax>
			<ymax>494</ymax>
		</bndbox>
	</object>
</annotation>
