<annotation>
	<folder>train</folder>
	<filename>car91.jpg</filename>
	<path>C:\Users\user\Desktop\autonome system\images\train\car91.jpg</path>
	<source>
		<database>Unknown</database>
	</source>
	<size>
		<width>800</width>
		<height>496</height>
		<depth>3</depth>
	</size>
	<segmented>0</segmented>
	<object>
		<name>car</name>
		<pose>Unspecified</pose>
		<truncated>0</truncated>
		<difficult>0</difficult>
		<bndbox>
			<xmin>55</xmin>
			<ymin>208</ymin>
			<xmax>758</xmax>
			<ymax>454</ymax>
		</bndbox>
	</object>
</annotation>
