<annotation>
	<folder>train</folder>
	<filename>car93.jpg</filename>
	<path>C:\Users\user\Desktop\autonome system\images\train\car93.jpg</path>
	<source>
		<database>Unknown</database>
	</source>
	<size>
		<width>800</width>
		<height>534</height>
		<depth>3</depth>
	</size>
	<segmented>0</segmented>
	<object>
		<name>car</name>
		<pose>Unspecified</pose>
		<truncated>0</truncated>
		<difficult>0</difficult>
		<bndbox>
			<xmin>34</xmin>
			<ymin>51</ymin>
			<xmax>731</xmax>
			<ymax>524</ymax>
		</bndbox>
	</object>
</annotation>
