<annotation>
	<folder>train</folder>
	<filename>car97.jpg</filename>
	<path>C:\Users\user\Desktop\autonome system\images\train\car97.jpg</path>
	<source>
		<database>Unknown</database>
	</source>
	<size>
		<width>799</width>
		<height>533</height>
		<depth>3</depth>
	</size>
	<segmented>0</segmented>
	<object>
		<name>car</name>
		<pose>Unspecified</pose>
		<truncated>0</truncated>
		<difficult>0</difficult>
		<bndbox>
			<xmin>305</xmin>
			<ymin>53</ymin>
			<xmax>747</xmax>
			<ymax>349</ymax>
		</bndbox>
	</object>
</annotation>
