<annotation>
	<folder>train</folder>
	<filename>car96.jpg</filename>
	<path>C:\Users\user\Desktop\autonome system\images\train\car96.jpg</path>
	<source>
		<database>Unknown</database>
	</source>
	<size>
		<width>800</width>
		<height>450</height>
		<depth>3</depth>
	</size>
	<segmented>0</segmented>
	<object>
		<name>car</name>
		<pose>Unspecified</pose>
		<truncated>0</truncated>
		<difficult>0</difficult>
		<bndbox>
			<xmin>134</xmin>
			<ymin>79</ymin>
			<xmax>662</xmax>
			<ymax>361</ymax>
		</bndbox>
	</object>
	<object>
		<name>car</name>
		<pose>Unspecified</pose>
		<truncated>0</truncated>
		<difficult>0</difficult>
		<bndbox>
			<xmin>471</xmin>
			<ymin>81</ymin>
			<xmax>799</xmax>
			<ymax>261</ymax>
		</bndbox>
	</object>
</annotation>
