
    <annotation>
        <folder>Python Fun</folder>
        <filename>img18.jpg</filename>
        <path>C:\Users\rober\Documents\Python Fun\plane.jpg</path>
        <source>
            <database>Unknown</database>
        </source>
        <size>
            <width>1000</width>
            <height>700</height>
            <depth>3</depth>
        </size>
        <segmented>0</segmented>
        
        <object>
            <name>plane</name>
            <pose>Unspecified</pose>
            <truncated>0</truncated>
            <difficult>0</difficult>
            <bndbox>
                <xmin>806</xmin>
                <ymin>94</ymin>
                <xmax>880</xmax>
                <ymax>165</ymax>
            </bndbox>
        </object>
        <object>
            <name>plane</name>
            <pose>Unspecified</pose>
            <truncated>0</truncated>
            <difficult>0</difficult>
            <bndbox>
                <xmin>605</xmin>
                <ymin>250</ymin>
                <xmax>695</xmax>
                <ymax>339</ymax>
            </bndbox>
        </object>
        <object>
            <name>plane</name>
            <pose>Unspecified</pose>
            <truncated>0</truncated>
            <difficult>0</difficult>
            <bndbox>
                <xmin>374</xmin>
                <ymin>204</ymin>
                <xmax>432</xmax>
                <ymax>263</ymax>
            </bndbox>
        </object>
        <object>
            <name>plane</name>
            <pose>Unspecified</pose>
            <truncated>0</truncated>
            <difficult>0</difficult>
            <bndbox>
                <xmin>214</xmin>
                <ymin>336</ymin>
                <xmax>273</xmax>
                <ymax>393</ymax>
            </bndbox>
        </object>
        <object>
            <name>plane</name>
            <pose>Unspecified</pose>
            <truncated>0</truncated>
            <difficult>0</difficult>
            <bndbox>
                <xmin>404</xmin>
                <ymin>544</ymin>
                <xmax>466</xmax>
                <ymax>608</ymax>
            </bndbox>
        </object>
        <object>
            <name>plane</name>
            <pose>Unspecified</pose>
            <truncated>0</truncated>
            <difficult>0</difficult>
            <bndbox>
                <xmin>222</xmin>
                <ymin>392</ymin>
                <xmax>295</xmax>
                <ymax>467</ymax>
            </bndbox>
        </object>
        <object>
            <name>plane</name>
            <pose>Unspecified</pose>
            <truncated>0</truncated>
            <difficult>0</difficult>
            <bndbox>
                <xmin>355</xmin>
                <ymin>264</ymin>
                <xmax>417</xmax>
                <ymax>325</ymax>
            </bndbox>
        </object>
        <object>
            <name>plane</name>
            <pose>Unspecified</pose>
            <truncated>0</truncated>
            <difficult>0</difficult>
            <bndbox>
                <xmin>739</xmin>
                <ymin>135</ymin>
                <xmax>837</xmax>
                <ymax>232</ymax>
            </bndbox>
        </object>
        
    </annotation>
    