
    <annotation>
        <folder>Python Fun</folder>
        <filename>img19.jpg</filename>
        <path>C:\Users\rober\Documents\Python Fun\plane.jpg</path>
        <source>
            <database>Unknown</database>
        </source>
        <size>
            <width>1000</width>
            <height>700</height>
            <depth>3</depth>
        </size>
        <segmented>0</segmented>
        
        <object>
            <name>plane</name>
            <pose>Unspecified</pose>
            <truncated>0</truncated>
            <difficult>0</difficult>
            <bndbox>
                <xmin>369</xmin>
                <ymin>362</ymin>
                <xmax>425</xmax>
                <ymax>415</ymax>
            </bndbox>
        </object>
        <object>
            <name>plane</name>
            <pose>Unspecified</pose>
            <truncated>0</truncated>
            <difficult>0</difficult>
            <bndbox>
                <xmin>237</xmin>
                <ymin>420</ymin>
                <xmax>288</xmax>
                <ymax>472</ymax>
            </bndbox>
        </object>
        <object>
            <name>plane</name>
            <pose>Unspecified</pose>
            <truncated>0</truncated>
            <difficult>0</difficult>
            <bndbox>
                <xmin>85</xmin>
                <ymin>189</ymin>
                <xmax>156</xmax>
                <ymax>261</ymax>
            </bndbox>
        </object>
        <object>
            <name>plane</name>
            <pose>Unspecified</pose>
            <truncated>0</truncated>
            <difficult>0</difficult>
            <bndbox>
                <xmin>647</xmin>
                <ymin>221</ymin>
                <xmax>723</xmax>
                <ymax>297</ymax>
            </bndbox>
        </object>
        <object>
            <name>plane</name>
            <pose>Unspecified</pose>
            <truncated>0</truncated>
            <difficult>0</difficult>
            <bndbox>
                <xmin>632</xmin>
                <ymin>412</ymin>
                <xmax>670</xmax>
                <ymax>449</ymax>
            </bndbox>
        </object>
        <object>
            <name>plane</name>
            <pose>Unspecified</pose>
            <truncated>0</truncated>
            <difficult>0</difficult>
            <bndbox>
                <xmin>357</xmin>
                <ymin>285</ymin>
                <xmax>433</xmax>
                <ymax>362</ymax>
            </bndbox>
        </object>
        <object>
            <name>plane</name>
            <pose>Unspecified</pose>
            <truncated>0</truncated>
            <difficult>0</difficult>
            <bndbox>
                <xmin>378</xmin>
                <ymin>418</ymin>
                <xmax>468</xmax>
                <ymax>505</ymax>
            </bndbox>
        </object>
        <object>
            <name>plane</name>
            <pose>Unspecified</pose>
            <truncated>0</truncated>
            <difficult>0</difficult>
            <bndbox>
                <xmin>253</xmin>
                <ymin>254</ymin>
                <xmax>337</xmax>
                <ymax>333</ymax>
            </bndbox>
        </object>
        <object>
            <name>plane</name>
            <pose>Unspecified</pose>
            <truncated>0</truncated>
            <difficult>0</difficult>
            <bndbox>
                <xmin>129</xmin>
                <ymin>171</ymin>
                <xmax>190</xmax>
                <ymax>232</ymax>
            </bndbox>
        </object>
        <object>
            <name>plane</name>
            <pose>Unspecified</pose>
            <truncated>0</truncated>
            <difficult>0</difficult>
            <bndbox>
                <xmin>826</xmin>
                <ymin>471</ymin>
                <xmax>908</xmax>
                <ymax>553</ymax>
            </bndbox>
        </object>
        
    </annotation>
    