
    <annotation>
        <folder>Python Fun</folder>
        <filename>img16.jpg</filename>
        <path>C:\Users\rober\Documents\Python Fun\plane.jpg</path>
        <source>
            <database>Unknown</database>
        </source>
        <size>
            <width>1000</width>
            <height>700</height>
            <depth>3</depth>
        </size>
        <segmented>0</segmented>
        
        <object>
            <name>plane</name>
            <pose>Unspecified</pose>
            <truncated>0</truncated>
            <difficult>0</difficult>
            <bndbox>
                <xmin>288</xmin>
                <ymin>224</ymin>
                <xmax>348</xmax>
                <ymax>283</ymax>
            </bndbox>
        </object>
        <object>
            <name>plane</name>
            <pose>Unspecified</pose>
            <truncated>0</truncated>
            <difficult>0</difficult>
            <bndbox>
                <xmin>693</xmin>
                <ymin>422</ymin>
                <xmax>749</xmax>
                <ymax>479</ymax>
            </bndbox>
        </object>
        <object>
            <name>plane</name>
            <pose>Unspecified</pose>
            <truncated>0</truncated>
            <difficult>0</difficult>
            <bndbox>
                <xmin>257</xmin>
                <ymin>29</ymin>
                <xmax>335</xmax>
                <ymax>110</ymax>
            </bndbox>
        </object>
        <object>
            <name>plane</name>
            <pose>Unspecified</pose>
            <truncated>0</truncated>
            <difficult>0</difficult>
            <bndbox>
                <xmin>475</xmin>
                <ymin>312</ymin>
                <xmax>576</xmax>
                <ymax>410</ymax>
            </bndbox>
        </object>
        <object>
            <name>plane</name>
            <pose>Unspecified</pose>
            <truncated>0</truncated>
            <difficult>0</difficult>
            <bndbox>
                <xmin>338</xmin>
                <ymin>265</ymin>
                <xmax>423</xmax>
                <ymax>353</ymax>
            </bndbox>
        </object>
        <object>
            <name>plane</name>
            <pose>Unspecified</pose>
            <truncated>0</truncated>
            <difficult>0</difficult>
            <bndbox>
                <xmin>293</xmin>
                <ymin>162</ymin>
                <xmax>380</xmax>
                <ymax>245</ymax>
            </bndbox>
        </object>
        <object>
            <name>plane</name>
            <pose>Unspecified</pose>
            <truncated>0</truncated>
            <difficult>0</difficult>
            <bndbox>
                <xmin>362</xmin>
                <ymin>372</ymin>
                <xmax>413</xmax>
                <ymax>423</ymax>
            </bndbox>
        </object>
        <object>
            <name>plane</name>
            <pose>Unspecified</pose>
            <truncated>0</truncated>
            <difficult>0</difficult>
            <bndbox>
                <xmin>742</xmin>
                <ymin>343</ymin>
                <xmax>814</xmax>
                <ymax>414</ymax>
            </bndbox>
        </object>
        <object>
            <name>plane</name>
            <pose>Unspecified</pose>
            <truncated>0</truncated>
            <difficult>0</difficult>
            <bndbox>
                <xmin>587</xmin>
                <ymin>26</ymin>
                <xmax>647</xmax>
                <ymax>85</ymax>
            </bndbox>
        </object>
        <object>
            <name>plane</name>
            <pose>Unspecified</pose>
            <truncated>0</truncated>
            <difficult>0</difficult>
            <bndbox>
                <xmin>405</xmin>
                <ymin>608</ymin>
                <xmax>446</xmax>
                <ymax>647</ymax>
            </bndbox>
        </object>
        <object>
            <name>plane</name>
            <pose>Unspecified</pose>
            <truncated>0</truncated>
            <difficult>0</difficult>
            <bndbox>
                <xmin>183</xmin>
                <ymin>440</ymin>
                <xmax>226</xmax>
                <ymax>484</ymax>
            </bndbox>
        </object>
        <object>
            <name>plane</name>
            <pose>Unspecified</pose>
            <truncated>0</truncated>
            <difficult>0</difficult>
            <bndbox>
                <xmin>167</xmin>
                <ymin>440</ymin>
                <xmax>220</xmax>
                <ymax>491</ymax>
            </bndbox>
        </object>
        <object>
            <name>plane</name>
            <pose>Unspecified</pose>
            <truncated>0</truncated>
            <difficult>0</difficult>
            <bndbox>
                <xmin>479</xmin>
                <ymin>164</ymin>
                <xmax>515</xmax>
                <ymax>202</ymax>
            </bndbox>
        </object>
        <object>
            <name>plane</name>
            <pose>Unspecified</pose>
            <truncated>0</truncated>
            <difficult>0</difficult>
            <bndbox>
                <xmin>751</xmin>
                <ymin>353</ymin>
                <xmax>805</xmax>
                <ymax>407</ymax>
            </bndbox>
        </object>
        <object>
            <name>plane</name>
            <pose>Unspecified</pose>
            <truncated>0</truncated>
            <difficult>0</difficult>
            <bndbox>
                <xmin>865</xmin>
                <ymin>433</ymin>
                <xmax>942</xmax>
                <ymax>513</ymax>
            </bndbox>
        </object>
        
    </annotation>
    