
    <annotation>
        <folder>Python Fun</folder>
        <filename>img14.jpg</filename>
        <path>C:\Users\rober\Documents\Python Fun\plane.jpg</path>
        <source>
            <database>Unknown</database>
        </source>
        <size>
            <width>1000</width>
            <height>700</height>
            <depth>3</depth>
        </size>
        <segmented>0</segmented>
        
        <object>
            <name>plane</name>
            <pose>Unspecified</pose>
            <truncated>0</truncated>
            <difficult>0</difficult>
            <bndbox>
                <xmin>676</xmin>
                <ymin>219</ymin>
                <xmax>746</xmax>
                <ymax>292</ymax>
            </bndbox>
        </object>
        <object>
            <name>plane</name>
            <pose>Unspecified</pose>
            <truncated>0</truncated>
            <difficult>0</difficult>
            <bndbox>
                <xmin>129</xmin>
                <ymin>349</ymin>
                <xmax>193</xmax>
                <ymax>412</ymax>
            </bndbox>
        </object>
        <object>
            <name>plane</name>
            <pose>Unspecified</pose>
            <truncated>0</truncated>
            <difficult>0</difficult>
            <bndbox>
                <xmin>374</xmin>
                <ymin>503</ymin>
                <xmax>443</xmax>
                <ymax>578</ymax>
            </bndbox>
        </object>
        <object>
            <name>plane</name>
            <pose>Unspecified</pose>
            <truncated>0</truncated>
            <difficult>0</difficult>
            <bndbox>
                <xmin>860</xmin>
                <ymin>381</ymin>
                <xmax>913</xmax>
                <ymax>437</ymax>
            </bndbox>
        </object>
        
    </annotation>
    