
    <annotation>
        <folder>Python Fun</folder>
        <filename>img1.jpg</filename>
        <path>C:\Users\rober\Documents\Python Fun\plane.jpg</path>
        <source>
            <database>Unknown</database>
        </source>
        <size>
            <width>1000</width>
            <height>700</height>
            <depth>3</depth>
        </size>
        <segmented>0</segmented>
        
        <object>
            <name>plane</name>
            <pose>Unspecified</pose>
            <truncated>0</truncated>
            <difficult>0</difficult>
            <bndbox>
                <xmin>410</xmin>
                <ymin>356</ymin>
                <xmax>469</xmax>
                <ymax>419</ymax>
            </bndbox>
        </object>
        <object>
            <name>plane</name>
            <pose>Unspecified</pose>
            <truncated>0</truncated>
            <difficult>0</difficult>
            <bndbox>
                <xmin>635</xmin>
                <ymin>276</ymin>
                <xmax>738</xmax>
                <ymax>380</ymax>
            </bndbox>
        </object>
        <object>
            <name>plane</name>
            <pose>Unspecified</pose>
            <truncated>0</truncated>
            <difficult>0</difficult>
            <bndbox>
                <xmin>830</xmin>
                <ymin>46</ymin>
                <xmax>902</xmax>
                <ymax>119</ymax>
            </bndbox>
        </object>
        <object>
            <name>plane</name>
            <pose>Unspecified</pose>
            <truncated>0</truncated>
            <difficult>0</difficult>
            <bndbox>
                <xmin>669</xmin>
                <ymin>80</ymin>
                <xmax>715</xmax>
                <ymax>120</ymax>
            </bndbox>
        </object>
        <object>
            <name>plane</name>
            <pose>Unspecified</pose>
            <truncated>0</truncated>
            <difficult>0</difficult>
            <bndbox>
                <xmin>58</xmin>
                <ymin>225</ymin>
                <xmax>108</xmax>
                <ymax>272</ymax>
            </bndbox>
        </object>
        <object>
            <name>plane</name>
            <pose>Unspecified</pose>
            <truncated>0</truncated>
            <difficult>0</difficult>
            <bndbox>
                <xmin>526</xmin>
                <ymin>279</ymin>
                <xmax>579</xmax>
                <ymax>332</ymax>
            </bndbox>
        </object>
        <object>
            <name>plane</name>
            <pose>Unspecified</pose>
            <truncated>0</truncated>
            <difficult>0</difficult>
            <bndbox>
                <xmin>822</xmin>
                <ymin>446</ymin>
                <xmax>870</xmax>
                <ymax>493</ymax>
            </bndbox>
        </object>
        <object>
            <name>plane</name>
            <pose>Unspecified</pose>
            <truncated>0</truncated>
            <difficult>0</difficult>
            <bndbox>
                <xmin>591</xmin>
                <ymin>322</ymin>
                <xmax>664</xmax>
                <ymax>400</ymax>
            </bndbox>
        </object>
        <object>
            <name>plane</name>
            <pose>Unspecified</pose>
            <truncated>0</truncated>
            <difficult>0</difficult>
            <bndbox>
                <xmin>838</xmin>
                <ymin>227</ymin>
                <xmax>920</xmax>
                <ymax>309</ymax>
            </bndbox>
        </object>
        <object>
            <name>plane</name>
            <pose>Unspecified</pose>
            <truncated>0</truncated>
            <difficult>0</difficult>
            <bndbox>
                <xmin>605</xmin>
                <ymin>353</ymin>
                <xmax>661</xmax>
                <ymax>415</ymax>
            </bndbox>
        </object>
        <object>
            <name>plane</name>
            <pose>Unspecified</pose>
            <truncated>0</truncated>
            <difficult>0</difficult>
            <bndbox>
                <xmin>775</xmin>
                <ymin>434</ymin>
                <xmax>827</xmax>
                <ymax>484</ymax>
            </bndbox>
        </object>
        <object>
            <name>plane</name>
            <pose>Unspecified</pose>
            <truncated>0</truncated>
            <difficult>0</difficult>
            <bndbox>
                <xmin>159</xmin>
                <ymin>467</ymin>
                <xmax>235</xmax>
                <ymax>541</ymax>
            </bndbox>
        </object>
        
    </annotation>
    