
    <annotation>
        <folder>Python Fun</folder>
        <filename>img12.jpg</filename>
        <path>C:\Users\rober\Documents\Python Fun\plane.jpg</path>
        <source>
            <database>Unknown</database>
        </source>
        <size>
            <width>1000</width>
            <height>700</height>
            <depth>3</depth>
        </size>
        <segmented>0</segmented>
        
        <object>
            <name>plane</name>
            <pose>Unspecified</pose>
            <truncated>0</truncated>
            <difficult>0</difficult>
            <bndbox>
                <xmin>445</xmin>
                <ymin>335</ymin>
                <xmax>498</xmax>
                <ymax>394</ymax>
            </bndbox>
        </object>
        <object>
            <name>plane</name>
            <pose>Unspecified</pose>
            <truncated>0</truncated>
            <difficult>0</difficult>
            <bndbox>
                <xmin>221</xmin>
                <ymin>307</ymin>
                <xmax>266</xmax>
                <ymax>351</ymax>
            </bndbox>
        </object>
        <object>
            <name>plane</name>
            <pose>Unspecified</pose>
            <truncated>0</truncated>
            <difficult>0</difficult>
            <bndbox>
                <xmin>255</xmin>
                <ymin>566</ymin>
                <xmax>298</xmax>
                <ymax>609</ymax>
            </bndbox>
        </object>
        <object>
            <name>plane</name>
            <pose>Unspecified</pose>
            <truncated>0</truncated>
            <difficult>0</difficult>
            <bndbox>
                <xmin>693</xmin>
                <ymin>325</ymin>
                <xmax>744</xmax>
                <ymax>376</ymax>
            </bndbox>
        </object>
        <object>
            <name>plane</name>
            <pose>Unspecified</pose>
            <truncated>0</truncated>
            <difficult>0</difficult>
            <bndbox>
                <xmin>396</xmin>
                <ymin>500</ymin>
                <xmax>441</xmax>
                <ymax>544</ymax>
            </bndbox>
        </object>
        <object>
            <name>plane</name>
            <pose>Unspecified</pose>
            <truncated>0</truncated>
            <difficult>0</difficult>
            <bndbox>
                <xmin>80</xmin>
                <ymin>569</ymin>
                <xmax>150</xmax>
                <ymax>635</ymax>
            </bndbox>
        </object>
        <object>
            <name>plane</name>
            <pose>Unspecified</pose>
            <truncated>0</truncated>
            <difficult>0</difficult>
            <bndbox>
                <xmin>402</xmin>
                <ymin>383</ymin>
                <xmax>466</xmax>
                <ymax>449</ymax>
            </bndbox>
        </object>
        <object>
            <name>plane</name>
            <pose>Unspecified</pose>
            <truncated>0</truncated>
            <difficult>0</difficult>
            <bndbox>
                <xmin>820</xmin>
                <ymin>78</ymin>
                <xmax>904</xmax>
                <ymax>161</ymax>
            </bndbox>
        </object>
        <object>
            <name>plane</name>
            <pose>Unspecified</pose>
            <truncated>0</truncated>
            <difficult>0</difficult>
            <bndbox>
                <xmin>250</xmin>
                <ymin>253</ymin>
                <xmax>347</xmax>
                <ymax>351</ymax>
            </bndbox>
        </object>
        <object>
            <name>plane</name>
            <pose>Unspecified</pose>
            <truncated>0</truncated>
            <difficult>0</difficult>
            <bndbox>
                <xmin>299</xmin>
                <ymin>496</ymin>
                <xmax>388</xmax>
                <ymax>583</ymax>
            </bndbox>
        </object>
        <object>
            <name>plane</name>
            <pose>Unspecified</pose>
            <truncated>0</truncated>
            <difficult>0</difficult>
            <bndbox>
                <xmin>736</xmin>
                <ymin>49</ymin>
                <xmax>779</xmax>
                <ymax>93</ymax>
            </bndbox>
        </object>
        <object>
            <name>plane</name>
            <pose>Unspecified</pose>
            <truncated>0</truncated>
            <difficult>0</difficult>
            <bndbox>
                <xmin>672</xmin>
                <ymin>49</ymin>
                <xmax>751</xmax>
                <ymax>128</ymax>
            </bndbox>
        </object>
        
    </annotation>
    