
    <annotation>
        <folder>Python Fun</folder>
        <filename>img17.jpg</filename>
        <path>C:\Users\rober\Documents\Python Fun\plane.jpg</path>
        <source>
            <database>Unknown</database>
        </source>
        <size>
            <width>1000</width>
            <height>700</height>
            <depth>3</depth>
        </size>
        <segmented>0</segmented>
        
        <object>
            <name>plane</name>
            <pose>Unspecified</pose>
            <truncated>0</truncated>
            <difficult>0</difficult>
            <bndbox>
                <xmin>450</xmin>
                <ymin>77</ymin>
                <xmax>538</xmax>
                <ymax>160</ymax>
            </bndbox>
        </object>
        <object>
            <name>plane</name>
            <pose>Unspecified</pose>
            <truncated>0</truncated>
            <difficult>0</difficult>
            <bndbox>
                <xmin>756</xmin>
                <ymin>487</ymin>
                <xmax>803</xmax>
                <ymax>538</ymax>
            </bndbox>
        </object>
        <object>
            <name>plane</name>
            <pose>Unspecified</pose>
            <truncated>0</truncated>
            <difficult>0</difficult>
            <bndbox>
                <xmin>276</xmin>
                <ymin>352</ymin>
                <xmax>311</xmax>
                <ymax>385</ymax>
            </bndbox>
        </object>
        <object>
            <name>plane</name>
            <pose>Unspecified</pose>
            <truncated>0</truncated>
            <difficult>0</difficult>
            <bndbox>
                <xmin>863</xmin>
                <ymin>395</ymin>
                <xmax>915</xmax>
                <ymax>448</ymax>
            </bndbox>
        </object>
        <object>
            <name>plane</name>
            <pose>Unspecified</pose>
            <truncated>0</truncated>
            <difficult>0</difficult>
            <bndbox>
                <xmin>812</xmin>
                <ymin>346</ymin>
                <xmax>889</xmax>
                <ymax>419</ymax>
            </bndbox>
        </object>
        <object>
            <name>plane</name>
            <pose>Unspecified</pose>
            <truncated>0</truncated>
            <difficult>0</difficult>
            <bndbox>
                <xmin>742</xmin>
                <ymin>460</ymin>
                <xmax>778</xmax>
                <ymax>495</ymax>
            </bndbox>
        </object>
        <object>
            <name>plane</name>
            <pose>Unspecified</pose>
            <truncated>0</truncated>
            <difficult>0</difficult>
            <bndbox>
                <xmin>710</xmin>
                <ymin>468</ymin>
                <xmax>741</xmax>
                <ymax>499</ymax>
            </bndbox>
        </object>
        <object>
            <name>plane</name>
            <pose>Unspecified</pose>
            <truncated>0</truncated>
            <difficult>0</difficult>
            <bndbox>
                <xmin>79</xmin>
                <ymin>103</ymin>
                <xmax>127</xmax>
                <ymax>152</ymax>
            </bndbox>
        </object>
        <object>
            <name>plane</name>
            <pose>Unspecified</pose>
            <truncated>0</truncated>
            <difficult>0</difficult>
            <bndbox>
                <xmin>264</xmin>
                <ymin>317</ymin>
                <xmax>315</xmax>
                <ymax>370</ymax>
            </bndbox>
        </object>
        <object>
            <name>plane</name>
            <pose>Unspecified</pose>
            <truncated>0</truncated>
            <difficult>0</difficult>
            <bndbox>
                <xmin>556</xmin>
                <ymin>324</ymin>
                <xmax>611</xmax>
                <ymax>376</ymax>
            </bndbox>
        </object>
        <object>
            <name>plane</name>
            <pose>Unspecified</pose>
            <truncated>0</truncated>
            <difficult>0</difficult>
            <bndbox>
                <xmin>408</xmin>
                <ymin>542</ymin>
                <xmax>509</xmax>
                <ymax>639</ymax>
            </bndbox>
        </object>
        <object>
            <name>plane</name>
            <pose>Unspecified</pose>
            <truncated>0</truncated>
            <difficult>0</difficult>
            <bndbox>
                <xmin>304</xmin>
                <ymin>209</ymin>
                <xmax>364</xmax>
                <ymax>271</ymax>
            </bndbox>
        </object>
        
    </annotation>
    