
    <annotation>
        <folder>Python Fun</folder>
        <filename>img100.jpg</filename>
        <path>C:\Users\rober\Documents\Python Fun\plane.jpg</path>
        <source>
            <database>Unknown</database>
        </source>
        <size>
            <width>1000</width>
            <height>700</height>
            <depth>3</depth>
        </size>
        <segmented>0</segmented>
        
        <object>
            <name>plane</name>
            <pose>Unspecified</pose>
            <truncated>0</truncated>
            <difficult>0</difficult>
            <bndbox>
                <xmin>537</xmin>
                <ymin>69</ymin>
                <xmax>595</xmax>
                <ymax>127</ymax>
            </bndbox>
        </object>
        <object>
            <name>plane</name>
            <pose>Unspecified</pose>
            <truncated>0</truncated>
            <difficult>0</difficult>
            <bndbox>
                <xmin>307</xmin>
                <ymin>203</ymin>
                <xmax>343</xmax>
                <ymax>241</ymax>
            </bndbox>
        </object>
        <object>
            <name>plane</name>
            <pose>Unspecified</pose>
            <truncated>0</truncated>
            <difficult>0</difficult>
            <bndbox>
                <xmin>820</xmin>
                <ymin>162</ymin>
                <xmax>888</xmax>
                <ymax>229</ymax>
            </bndbox>
        </object>
        <object>
            <name>plane</name>
            <pose>Unspecified</pose>
            <truncated>0</truncated>
            <difficult>0</difficult>
            <bndbox>
                <xmin>490</xmin>
                <ymin>97</ymin>
                <xmax>586</xmax>
                <ymax>190</ymax>
            </bndbox>
        </object>
        <object>
            <name>plane</name>
            <pose>Unspecified</pose>
            <truncated>0</truncated>
            <difficult>0</difficult>
            <bndbox>
                <xmin>118</xmin>
                <ymin>30</ymin>
                <xmax>193</xmax>
                <ymax>104</ymax>
            </bndbox>
        </object>
        <object>
            <name>plane</name>
            <pose>Unspecified</pose>
            <truncated>0</truncated>
            <difficult>0</difficult>
            <bndbox>
                <xmin>201</xmin>
                <ymin>165</ymin>
                <xmax>270</xmax>
                <ymax>228</ymax>
            </bndbox>
        </object>
        
    </annotation>
    