
    <annotation>
        <folder>Python Fun</folder>
        <filename>img11.jpg</filename>
        <path>C:\Users\rober\Documents\Python Fun\plane.jpg</path>
        <source>
            <database>Unknown</database>
        </source>
        <size>
            <width>1000</width>
            <height>700</height>
            <depth>3</depth>
        </size>
        <segmented>0</segmented>
        
        <object>
            <name>plane</name>
            <pose>Unspecified</pose>
            <truncated>0</truncated>
            <difficult>0</difficult>
            <bndbox>
                <xmin>553</xmin>
                <ymin>325</ymin>
                <xmax>628</xmax>
                <ymax>403</ymax>
            </bndbox>
        </object>
        <object>
            <name>plane</name>
            <pose>Unspecified</pose>
            <truncated>0</truncated>
            <difficult>0</difficult>
            <bndbox>
                <xmin>344</xmin>
                <ymin>317</ymin>
                <xmax>442</xmax>
                <ymax>411</ymax>
            </bndbox>
        </object>
        <object>
            <name>plane</name>
            <pose>Unspecified</pose>
            <truncated>0</truncated>
            <difficult>0</difficult>
            <bndbox>
                <xmin>313</xmin>
                <ymin>532</ymin>
                <xmax>394</xmax>
                <ymax>615</ymax>
            </bndbox>
        </object>
        <object>
            <name>plane</name>
            <pose>Unspecified</pose>
            <truncated>0</truncated>
            <difficult>0</difficult>
            <bndbox>
                <xmin>127</xmin>
                <ymin>175</ymin>
                <xmax>160</xmax>
                <ymax>210</ymax>
            </bndbox>
        </object>
        <object>
            <name>plane</name>
            <pose>Unspecified</pose>
            <truncated>0</truncated>
            <difficult>0</difficult>
            <bndbox>
                <xmin>787</xmin>
                <ymin>48</ymin>
                <xmax>856</xmax>
                <ymax>117</ymax>
            </bndbox>
        </object>
        <object>
            <name>plane</name>
            <pose>Unspecified</pose>
            <truncated>0</truncated>
            <difficult>0</difficult>
            <bndbox>
                <xmin>147</xmin>
                <ymin>300</ymin>
                <xmax>196</xmax>
                <ymax>350</ymax>
            </bndbox>
        </object>
        <object>
            <name>plane</name>
            <pose>Unspecified</pose>
            <truncated>0</truncated>
            <difficult>0</difficult>
            <bndbox>
                <xmin>54</xmin>
                <ymin>368</ymin>
                <xmax>115</xmax>
                <ymax>438</ymax>
            </bndbox>
        </object>
        <object>
            <name>plane</name>
            <pose>Unspecified</pose>
            <truncated>0</truncated>
            <difficult>0</difficult>
            <bndbox>
                <xmin>202</xmin>
                <ymin>572</ymin>
                <xmax>266</xmax>
                <ymax>631</ymax>
            </bndbox>
        </object>
        
    </annotation>
    