
    <annotation>
        <folder>Python Fun</folder>
        <filename>img10.jpg</filename>
        <path>C:\Users\rober\Documents\Python Fun\plane.jpg</path>
        <source>
            <database>Unknown</database>
        </source>
        <size>
            <width>1000</width>
            <height>700</height>
            <depth>3</depth>
        </size>
        <segmented>0</segmented>
        
        <object>
            <name>plane</name>
            <pose>Unspecified</pose>
            <truncated>0</truncated>
            <difficult>0</difficult>
            <bndbox>
                <xmin>439</xmin>
                <ymin>537</ymin>
                <xmax>475</xmax>
                <ymax>574</ymax>
            </bndbox>
        </object>
        <object>
            <name>plane</name>
            <pose>Unspecified</pose>
            <truncated>0</truncated>
            <difficult>0</difficult>
            <bndbox>
                <xmin>156</xmin>
                <ymin>277</ymin>
                <xmax>251</xmax>
                <ymax>376</ymax>
            </bndbox>
        </object>
        <object>
            <name>plane</name>
            <pose>Unspecified</pose>
            <truncated>0</truncated>
            <difficult>0</difficult>
            <bndbox>
                <xmin>480</xmin>
                <ymin>480</ymin>
                <xmax>524</xmax>
                <ymax>526</ymax>
            </bndbox>
        </object>
        <object>
            <name>plane</name>
            <pose>Unspecified</pose>
            <truncated>0</truncated>
            <difficult>0</difficult>
            <bndbox>
                <xmin>763</xmin>
                <ymin>39</ymin>
                <xmax>860</xmax>
                <ymax>136</ymax>
            </bndbox>
        </object>
        <object>
            <name>plane</name>
            <pose>Unspecified</pose>
            <truncated>0</truncated>
            <difficult>0</difficult>
            <bndbox>
                <xmin>50</xmin>
                <ymin>318</ymin>
                <xmax>123</xmax>
                <ymax>392</ymax>
            </bndbox>
        </object>
        <object>
            <name>plane</name>
            <pose>Unspecified</pose>
            <truncated>0</truncated>
            <difficult>0</difficult>
            <bndbox>
                <xmin>568</xmin>
                <ymin>324</ymin>
                <xmax>621</xmax>
                <ymax>376</ymax>
            </bndbox>
        </object>
        <object>
            <name>plane</name>
            <pose>Unspecified</pose>
            <truncated>0</truncated>
            <difficult>0</difficult>
            <bndbox>
                <xmin>375</xmin>
                <ymin>134</ymin>
                <xmax>420</xmax>
                <ymax>182</ymax>
            </bndbox>
        </object>
        <object>
            <name>plane</name>
            <pose>Unspecified</pose>
            <truncated>0</truncated>
            <difficult>0</difficult>
            <bndbox>
                <xmin>490</xmin>
                <ymin>486</ymin>
                <xmax>531</xmax>
                <ymax>528</ymax>
            </bndbox>
        </object>
        <object>
            <name>plane</name>
            <pose>Unspecified</pose>
            <truncated>0</truncated>
            <difficult>0</difficult>
            <bndbox>
                <xmin>245</xmin>
                <ymin>493</ymin>
                <xmax>317</xmax>
                <ymax>567</ymax>
            </bndbox>
        </object>
        <object>
            <name>plane</name>
            <pose>Unspecified</pose>
            <truncated>0</truncated>
            <difficult>0</difficult>
            <bndbox>
                <xmin>859</xmin>
                <ymin>59</ymin>
                <xmax>909</xmax>
                <ymax>111</ymax>
            </bndbox>
        </object>
        <object>
            <name>plane</name>
            <pose>Unspecified</pose>
            <truncated>0</truncated>
            <difficult>0</difficult>
            <bndbox>
                <xmin>839</xmin>
                <ymin>152</ymin>
                <xmax>905</xmax>
                <ymax>221</ymax>
            </bndbox>
        </object>
        
    </annotation>
    