
    <annotation>
        <folder>Python Fun</folder>
        <filename>img24.jpg</filename>
        <path>C:\Users\rober\Documents\Python Fun\plane.jpg</path>
        <source>
            <database>Unknown</database>
        </source>
        <size>
            <width>1000</width>
            <height>700</height>
            <depth>3</depth>
        </size>
        <segmented>0</segmented>
        
        <object>
            <name>plane</name>
            <pose>Unspecified</pose>
            <truncated>0</truncated>
            <difficult>0</difficult>
            <bndbox>
                <xmin>681</xmin>
                <ymin>366</ymin>
                <xmax>756</xmax>
                <ymax>442</ymax>
            </bndbox>
        </object>
        <object>
            <name>plane</name>
            <pose>Unspecified</pose>
            <truncated>0</truncated>
            <difficult>0</difficult>
            <bndbox>
                <xmin>773</xmin>
                <ymin>202</ymin>
                <xmax>855</xmax>
                <ymax>284</ymax>
            </bndbox>
        </object>
        <object>
            <name>plane</name>
            <pose>Unspecified</pose>
            <truncated>0</truncated>
            <difficult>0</difficult>
            <bndbox>
                <xmin>381</xmin>
                <ymin>62</ymin>
                <xmax>449</xmax>
                <ymax>134</ymax>
            </bndbox>
        </object>
        <object>
            <name>plane</name>
            <pose>Unspecified</pose>
            <truncated>0</truncated>
            <difficult>0</difficult>
            <bndbox>
                <xmin>666</xmin>
                <ymin>472</ymin>
                <xmax>701</xmax>
                <ymax>505</ymax>
            </bndbox>
        </object>
        <object>
            <name>plane</name>
            <pose>Unspecified</pose>
            <truncated>0</truncated>
            <difficult>0</difficult>
            <bndbox>
                <xmin>240</xmin>
                <ymin>326</ymin>
                <xmax>293</xmax>
                <ymax>380</ymax>
            </bndbox>
        </object>
        <object>
            <name>plane</name>
            <pose>Unspecified</pose>
            <truncated>0</truncated>
            <difficult>0</difficult>
            <bndbox>
                <xmin>653</xmin>
                <ymin>467</ymin>
                <xmax>722</xmax>
                <ymax>540</ymax>
            </bndbox>
        </object>
        <object>
            <name>plane</name>
            <pose>Unspecified</pose>
            <truncated>0</truncated>
            <difficult>0</difficult>
            <bndbox>
                <xmin>813</xmin>
                <ymin>106</ymin>
                <xmax>876</xmax>
                <ymax>166</ymax>
            </bndbox>
        </object>
        <object>
            <name>plane</name>
            <pose>Unspecified</pose>
            <truncated>0</truncated>
            <difficult>0</difficult>
            <bndbox>
                <xmin>538</xmin>
                <ymin>362</ymin>
                <xmax>583</xmax>
                <ymax>407</ymax>
            </bndbox>
        </object>
        <object>
            <name>plane</name>
            <pose>Unspecified</pose>
            <truncated>0</truncated>
            <difficult>0</difficult>
            <bndbox>
                <xmin>440</xmin>
                <ymin>92</ymin>
                <xmax>482</xmax>
                <ymax>131</ymax>
            </bndbox>
        </object>
        <object>
            <name>plane</name>
            <pose>Unspecified</pose>
            <truncated>0</truncated>
            <difficult>0</difficult>
            <bndbox>
                <xmin>585</xmin>
                <ymin>189</ymin>
                <xmax>622</xmax>
                <ymax>225</ymax>
            </bndbox>
        </object>
        <object>
            <name>plane</name>
            <pose>Unspecified</pose>
            <truncated>0</truncated>
            <difficult>0</difficult>
            <bndbox>
                <xmin>820</xmin>
                <ymin>107</ymin>
                <xmax>897</xmax>
                <ymax>190</ymax>
            </bndbox>
        </object>
        <object>
            <name>plane</name>
            <pose>Unspecified</pose>
            <truncated>0</truncated>
            <difficult>0</difficult>
            <bndbox>
                <xmin>99</xmin>
                <ymin>274</ymin>
                <xmax>152</xmax>
                <ymax>326</ymax>
            </bndbox>
        </object>
        <object>
            <name>plane</name>
            <pose>Unspecified</pose>
            <truncated>0</truncated>
            <difficult>0</difficult>
            <bndbox>
                <xmin>216</xmin>
                <ymin>525</ymin>
                <xmax>271</xmax>
                <ymax>578</ymax>
            </bndbox>
        </object>
        <object>
            <name>plane</name>
            <pose>Unspecified</pose>
            <truncated>0</truncated>
            <difficult>0</difficult>
            <bndbox>
                <xmin>571</xmin>
                <ymin>70</ymin>
                <xmax>616</xmax>
                <ymax>118</ymax>
            </bndbox>
        </object>
        <object>
            <name>plane</name>
            <pose>Unspecified</pose>
            <truncated>0</truncated>
            <difficult>0</difficult>
            <bndbox>
                <xmin>883</xmin>
                <ymin>576</ymin>
                <xmax>960</xmax>
                <ymax>648</ymax>
            </bndbox>
        </object>
        
    </annotation>
    