
    <annotation>
        <folder>Python Fun</folder>
        <filename>img20.jpg</filename>
        <path>C:\Users\rober\Documents\Python Fun\plane.jpg</path>
        <source>
            <database>Unknown</database>
        </source>
        <size>
            <width>1000</width>
            <height>700</height>
            <depth>3</depth>
        </size>
        <segmented>0</segmented>
        
        <object>
            <name>plane</name>
            <pose>Unspecified</pose>
            <truncated>0</truncated>
            <difficult>0</difficult>
            <bndbox>
                <xmin>616</xmin>
                <ymin>589</ymin>
                <xmax>697</xmax>
                <ymax>666</ymax>
            </bndbox>
        </object>
        <object>
            <name>plane</name>
            <pose>Unspecified</pose>
            <truncated>0</truncated>
            <difficult>0</difficult>
            <bndbox>
                <xmin>313</xmin>
                <ymin>331</ymin>
                <xmax>388</xmax>
                <ymax>405</ymax>
            </bndbox>
        </object>
        
    </annotation>
    