
    <annotation>
        <folder>Python Fun</folder>
        <filename>img26.jpg</filename>
        <path>C:\Users\rober\Documents\Python Fun\plane.jpg</path>
        <source>
            <database>Unknown</database>
        </source>
        <size>
            <width>1000</width>
            <height>700</height>
            <depth>3</depth>
        </size>
        <segmented>0</segmented>
        
        <object>
            <name>plane</name>
            <pose>Unspecified</pose>
            <truncated>0</truncated>
            <difficult>0</difficult>
            <bndbox>
                <xmin>350</xmin>
                <ymin>31</ymin>
                <xmax>421</xmax>
                <ymax>101</ymax>
            </bndbox>
        </object>
        <object>
            <name>plane</name>
            <pose>Unspecified</pose>
            <truncated>0</truncated>
            <difficult>0</difficult>
            <bndbox>
                <xmin>375</xmin>
                <ymin>43</ymin>
                <xmax>417</xmax>
                <ymax>86</ymax>
            </bndbox>
        </object>
        <object>
            <name>plane</name>
            <pose>Unspecified</pose>
            <truncated>0</truncated>
            <difficult>0</difficult>
            <bndbox>
                <xmin>128</xmin>
                <ymin>205</ymin>
                <xmax>198</xmax>
                <ymax>274</ymax>
            </bndbox>
        </object>
        <object>
            <name>plane</name>
            <pose>Unspecified</pose>
            <truncated>0</truncated>
            <difficult>0</difficult>
            <bndbox>
                <xmin>349</xmin>
                <ymin>353</ymin>
                <xmax>390</xmax>
                <ymax>395</ymax>
            </bndbox>
        </object>
        <object>
            <name>plane</name>
            <pose>Unspecified</pose>
            <truncated>0</truncated>
            <difficult>0</difficult>
            <bndbox>
                <xmin>498</xmin>
                <ymin>272</ymin>
                <xmax>598</xmax>
                <ymax>373</ymax>
            </bndbox>
        </object>
        <object>
            <name>plane</name>
            <pose>Unspecified</pose>
            <truncated>0</truncated>
            <difficult>0</difficult>
            <bndbox>
                <xmin>492</xmin>
                <ymin>74</ymin>
                <xmax>534</xmax>
                <ymax>115</ymax>
            </bndbox>
        </object>
        <object>
            <name>plane</name>
            <pose>Unspecified</pose>
            <truncated>0</truncated>
            <difficult>0</difficult>
            <bndbox>
                <xmin>430</xmin>
                <ymin>312</ymin>
                <xmax>527</xmax>
                <ymax>408</ymax>
            </bndbox>
        </object>
        <object>
            <name>plane</name>
            <pose>Unspecified</pose>
            <truncated>0</truncated>
            <difficult>0</difficult>
            <bndbox>
                <xmin>363</xmin>
                <ymin>174</ymin>
                <xmax>432</xmax>
                <ymax>239</ymax>
            </bndbox>
        </object>
        <object>
            <name>plane</name>
            <pose>Unspecified</pose>
            <truncated>0</truncated>
            <difficult>0</difficult>
            <bndbox>
                <xmin>876</xmin>
                <ymin>250</ymin>
                <xmax>932</xmax>
                <ymax>308</ymax>
            </bndbox>
        </object>
        <object>
            <name>plane</name>
            <pose>Unspecified</pose>
            <truncated>0</truncated>
            <difficult>0</difficult>
            <bndbox>
                <xmin>219</xmin>
                <ymin>155</ymin>
                <xmax>317</xmax>
                <ymax>253</ymax>
            </bndbox>
        </object>
        <object>
            <name>plane</name>
            <pose>Unspecified</pose>
            <truncated>0</truncated>
            <difficult>0</difficult>
            <bndbox>
                <xmin>694</xmin>
                <ymin>566</ymin>
                <xmax>770</xmax>
                <ymax>638</ymax>
            </bndbox>
        </object>
        <object>
            <name>plane</name>
            <pose>Unspecified</pose>
            <truncated>0</truncated>
            <difficult>0</difficult>
            <bndbox>
                <xmin>211</xmin>
                <ymin>528</ymin>
                <xmax>248</xmax>
                <ymax>567</ymax>
            </bndbox>
        </object>
        <object>
            <name>plane</name>
            <pose>Unspecified</pose>
            <truncated>0</truncated>
            <difficult>0</difficult>
            <bndbox>
                <xmin>139</xmin>
                <ymin>195</ymin>
                <xmax>237</xmax>
                <ymax>290</ymax>
            </bndbox>
        </object>
        <object>
            <name>plane</name>
            <pose>Unspecified</pose>
            <truncated>0</truncated>
            <difficult>0</difficult>
            <bndbox>
                <xmin>533</xmin>
                <ymin>130</ymin>
                <xmax>603</xmax>
                <ymax>206</ymax>
            </bndbox>
        </object>
        
    </annotation>
    