
    <annotation>
        <folder>Python Fun</folder>
        <filename>img2.jpg</filename>
        <path>C:\Users\rober\Documents\Python Fun\plane.jpg</path>
        <source>
            <database>Unknown</database>
        </source>
        <size>
            <width>1000</width>
            <height>700</height>
            <depth>3</depth>
        </size>
        <segmented>0</segmented>
        
        <object>
            <name>plane</name>
            <pose>Unspecified</pose>
            <truncated>0</truncated>
            <difficult>0</difficult>
            <bndbox>
                <xmin>349</xmin>
                <ymin>270</ymin>
                <xmax>392</xmax>
                <ymax>313</ymax>
            </bndbox>
        </object>
        <object>
            <name>plane</name>
            <pose>Unspecified</pose>
            <truncated>0</truncated>
            <difficult>0</difficult>
            <bndbox>
                <xmin>292</xmin>
                <ymin>298</ymin>
                <xmax>383</xmax>
                <ymax>385</ymax>
            </bndbox>
        </object>
        <object>
            <name>plane</name>
            <pose>Unspecified</pose>
            <truncated>0</truncated>
            <difficult>0</difficult>
            <bndbox>
                <xmin>849</xmin>
                <ymin>500</ymin>
                <xmax>923</xmax>
                <ymax>573</ymax>
            </bndbox>
        </object>
        <object>
            <name>plane</name>
            <pose>Unspecified</pose>
            <truncated>0</truncated>
            <difficult>0</difficult>
            <bndbox>
                <xmin>764</xmin>
                <ymin>240</ymin>
                <xmax>831</xmax>
                <ymax>310</ymax>
            </bndbox>
        </object>
        
    </annotation>
    