
    <annotation>
        <folder>Python Fun</folder>
        <filename>img29.jpg</filename>
        <path>C:\Users\rober\Documents\Python Fun\plane.jpg</path>
        <source>
            <database>Unknown</database>
        </source>
        <size>
            <width>1000</width>
            <height>700</height>
            <depth>3</depth>
        </size>
        <segmented>0</segmented>
        
        <object>
            <name>plane</name>
            <pose>Unspecified</pose>
            <truncated>0</truncated>
            <difficult>0</difficult>
            <bndbox>
                <xmin>647</xmin>
                <ymin>136</ymin>
                <xmax>683</xmax>
                <ymax>170</ymax>
            </bndbox>
        </object>
        
    </annotation>
    