
    <annotation>
        <folder>Python Fun</folder>
        <filename>img21.jpg</filename>
        <path>C:\Users\rober\Documents\Python Fun\plane.jpg</path>
        <source>
            <database>Unknown</database>
        </source>
        <size>
            <width>1000</width>
            <height>700</height>
            <depth>3</depth>
        </size>
        <segmented>0</segmented>
        
        <object>
            <name>plane</name>
            <pose>Unspecified</pose>
            <truncated>0</truncated>
            <difficult>0</difficult>
            <bndbox>
                <xmin>46</xmin>
                <ymin>97</ymin>
                <xmax>128</xmax>
                <ymax>181</ymax>
            </bndbox>
        </object>
        <object>
            <name>plane</name>
            <pose>Unspecified</pose>
            <truncated>0</truncated>
            <difficult>0</difficult>
            <bndbox>
                <xmin>129</xmin>
                <ymin>155</ymin>
                <xmax>172</xmax>
                <ymax>200</ymax>
            </bndbox>
        </object>
        <object>
            <name>plane</name>
            <pose>Unspecified</pose>
            <truncated>0</truncated>
            <difficult>0</difficult>
            <bndbox>
                <xmin>612</xmin>
                <ymin>324</ymin>
                <xmax>713</xmax>
                <ymax>423</ymax>
            </bndbox>
        </object>
        <object>
            <name>plane</name>
            <pose>Unspecified</pose>
            <truncated>0</truncated>
            <difficult>0</difficult>
            <bndbox>
                <xmin>433</xmin>
                <ymin>209</ymin>
                <xmax>516</xmax>
                <ymax>295</ymax>
            </bndbox>
        </object>
        <object>
            <name>plane</name>
            <pose>Unspecified</pose>
            <truncated>0</truncated>
            <difficult>0</difficult>
            <bndbox>
                <xmin>761</xmin>
                <ymin>581</ymin>
                <xmax>830</xmax>
                <ymax>650</ymax>
            </bndbox>
        </object>
        <object>
            <name>plane</name>
            <pose>Unspecified</pose>
            <truncated>0</truncated>
            <difficult>0</difficult>
            <bndbox>
                <xmin>592</xmin>
                <ymin>105</ymin>
                <xmax>681</xmax>
                <ymax>189</ymax>
            </bndbox>
        </object>
        <object>
            <name>plane</name>
            <pose>Unspecified</pose>
            <truncated>0</truncated>
            <difficult>0</difficult>
            <bndbox>
                <xmin>285</xmin>
                <ymin>326</ymin>
                <xmax>361</xmax>
                <ymax>400</ymax>
            </bndbox>
        </object>
        <object>
            <name>plane</name>
            <pose>Unspecified</pose>
            <truncated>0</truncated>
            <difficult>0</difficult>
            <bndbox>
                <xmin>328</xmin>
                <ymin>149</ymin>
                <xmax>390</xmax>
                <ymax>208</ymax>
            </bndbox>
        </object>
        <object>
            <name>plane</name>
            <pose>Unspecified</pose>
            <truncated>0</truncated>
            <difficult>0</difficult>
            <bndbox>
                <xmin>214</xmin>
                <ymin>460</ymin>
                <xmax>267</xmax>
                <ymax>514</ymax>
            </bndbox>
        </object>
        <object>
            <name>plane</name>
            <pose>Unspecified</pose>
            <truncated>0</truncated>
            <difficult>0</difficult>
            <bndbox>
                <xmin>323</xmin>
                <ymin>439</ymin>
                <xmax>393</xmax>
                <ymax>509</ymax>
            </bndbox>
        </object>
        <object>
            <name>plane</name>
            <pose>Unspecified</pose>
            <truncated>0</truncated>
            <difficult>0</difficult>
            <bndbox>
                <xmin>512</xmin>
                <ymin>403</ymin>
                <xmax>574</xmax>
                <ymax>464</ymax>
            </bndbox>
        </object>
        <object>
            <name>plane</name>
            <pose>Unspecified</pose>
            <truncated>0</truncated>
            <difficult>0</difficult>
            <bndbox>
                <xmin>466</xmin>
                <ymin>258</ymin>
                <xmax>514</xmax>
                <ymax>308</ymax>
            </bndbox>
        </object>
        
    </annotation>
    