
    <annotation>
        <folder>Python Fun</folder>
        <filename>img27.jpg</filename>
        <path>C:\Users\rober\Documents\Python Fun\plane.jpg</path>
        <source>
            <database>Unknown</database>
        </source>
        <size>
            <width>1000</width>
            <height>700</height>
            <depth>3</depth>
        </size>
        <segmented>0</segmented>
        
        <object>
            <name>plane</name>
            <pose>Unspecified</pose>
            <truncated>0</truncated>
            <difficult>0</difficult>
            <bndbox>
                <xmin>159</xmin>
                <ymin>62</ymin>
                <xmax>211</xmax>
                <ymax>111</ymax>
            </bndbox>
        </object>
        <object>
            <name>plane</name>
            <pose>Unspecified</pose>
            <truncated>0</truncated>
            <difficult>0</difficult>
            <bndbox>
                <xmin>330</xmin>
                <ymin>120</ymin>
                <xmax>417</xmax>
                <ymax>208</ymax>
            </bndbox>
        </object>
        <object>
            <name>plane</name>
            <pose>Unspecified</pose>
            <truncated>0</truncated>
            <difficult>0</difficult>
            <bndbox>
                <xmin>502</xmin>
                <ymin>350</ymin>
                <xmax>551</xmax>
                <ymax>398</ymax>
            </bndbox>
        </object>
        <object>
            <name>plane</name>
            <pose>Unspecified</pose>
            <truncated>0</truncated>
            <difficult>0</difficult>
            <bndbox>
                <xmin>342</xmin>
                <ymin>352</ymin>
                <xmax>380</xmax>
                <ymax>389</ymax>
            </bndbox>
        </object>
        <object>
            <name>plane</name>
            <pose>Unspecified</pose>
            <truncated>0</truncated>
            <difficult>0</difficult>
            <bndbox>
                <xmin>152</xmin>
                <ymin>446</ymin>
                <xmax>262</xmax>
                <ymax>556</ymax>
            </bndbox>
        </object>
        <object>
            <name>plane</name>
            <pose>Unspecified</pose>
            <truncated>0</truncated>
            <difficult>0</difficult>
            <bndbox>
                <xmin>750</xmin>
                <ymin>150</ymin>
                <xmax>801</xmax>
                <ymax>199</ymax>
            </bndbox>
        </object>
        <object>
            <name>plane</name>
            <pose>Unspecified</pose>
            <truncated>0</truncated>
            <difficult>0</difficult>
            <bndbox>
                <xmin>494</xmin>
                <ymin>135</ymin>
                <xmax>583</xmax>
                <ymax>227</ymax>
            </bndbox>
        </object>
        <object>
            <name>plane</name>
            <pose>Unspecified</pose>
            <truncated>0</truncated>
            <difficult>0</difficult>
            <bndbox>
                <xmin>774</xmin>
                <ymin>161</ymin>
                <xmax>828</xmax>
                <ymax>217</ymax>
            </bndbox>
        </object>
        <object>
            <name>plane</name>
            <pose>Unspecified</pose>
            <truncated>0</truncated>
            <difficult>0</difficult>
            <bndbox>
                <xmin>184</xmin>
                <ymin>370</ymin>
                <xmax>251</xmax>
                <ymax>441</ymax>
            </bndbox>
        </object>
        <object>
            <name>plane</name>
            <pose>Unspecified</pose>
            <truncated>0</truncated>
            <difficult>0</difficult>
            <bndbox>
                <xmin>730</xmin>
                <ymin>42</ymin>
                <xmax>832</xmax>
                <ymax>145</ymax>
            </bndbox>
        </object>
        
    </annotation>
    