
    <annotation>
        <folder>Python Fun</folder>
        <filename>img22.jpg</filename>
        <path>C:\Users\rober\Documents\Python Fun\plane.jpg</path>
        <source>
            <database>Unknown</database>
        </source>
        <size>
            <width>1000</width>
            <height>700</height>
            <depth>3</depth>
        </size>
        <segmented>0</segmented>
        
        <object>
            <name>plane</name>
            <pose>Unspecified</pose>
            <truncated>0</truncated>
            <difficult>0</difficult>
            <bndbox>
                <xmin>839</xmin>
                <ymin>159</ymin>
                <xmax>871</xmax>
                <ymax>192</ymax>
            </bndbox>
        </object>
        <object>
            <name>plane</name>
            <pose>Unspecified</pose>
            <truncated>0</truncated>
            <difficult>0</difficult>
            <bndbox>
                <xmin>389</xmin>
                <ymin>403</ymin>
                <xmax>430</xmax>
                <ymax>443</ymax>
            </bndbox>
        </object>
        <object>
            <name>plane</name>
            <pose>Unspecified</pose>
            <truncated>0</truncated>
            <difficult>0</difficult>
            <bndbox>
                <xmin>709</xmin>
                <ymin>76</ymin>
                <xmax>777</xmax>
                <ymax>141</ymax>
            </bndbox>
        </object>
        <object>
            <name>plane</name>
            <pose>Unspecified</pose>
            <truncated>0</truncated>
            <difficult>0</difficult>
            <bndbox>
                <xmin>703</xmin>
                <ymin>374</ymin>
                <xmax>777</xmax>
                <ymax>447</ymax>
            </bndbox>
        </object>
        <object>
            <name>plane</name>
            <pose>Unspecified</pose>
            <truncated>0</truncated>
            <difficult>0</difficult>
            <bndbox>
                <xmin>459</xmin>
                <ymin>597</ymin>
                <xmax>512</xmax>
                <ymax>649</ymax>
            </bndbox>
        </object>
        <object>
            <name>plane</name>
            <pose>Unspecified</pose>
            <truncated>0</truncated>
            <difficult>0</difficult>
            <bndbox>
                <xmin>426</xmin>
                <ymin>76</ymin>
                <xmax>513</xmax>
                <ymax>160</ymax>
            </bndbox>
        </object>
        <object>
            <name>plane</name>
            <pose>Unspecified</pose>
            <truncated>0</truncated>
            <difficult>0</difficult>
            <bndbox>
                <xmin>175</xmin>
                <ymin>346</ymin>
                <xmax>232</xmax>
                <ymax>402</ymax>
            </bndbox>
        </object>
        <object>
            <name>plane</name>
            <pose>Unspecified</pose>
            <truncated>0</truncated>
            <difficult>0</difficult>
            <bndbox>
                <xmin>718</xmin>
                <ymin>309</ymin>
                <xmax>773</xmax>
                <ymax>361</ymax>
            </bndbox>
        </object>
        
    </annotation>
    