
    <annotation>
        <folder>Python Fun</folder>
        <filename>img23.jpg</filename>
        <path>C:\Users\rober\Documents\Python Fun\plane.jpg</path>
        <source>
            <database>Unknown</database>
        </source>
        <size>
            <width>1000</width>
            <height>700</height>
            <depth>3</depth>
        </size>
        <segmented>0</segmented>
        
        <object>
            <name>plane</name>
            <pose>Unspecified</pose>
            <truncated>0</truncated>
            <difficult>0</difficult>
            <bndbox>
                <xmin>212</xmin>
                <ymin>35</ymin>
                <xmax>292</xmax>
                <ymax>113</ymax>
            </bndbox>
        </object>
        <object>
            <name>plane</name>
            <pose>Unspecified</pose>
            <truncated>0</truncated>
            <difficult>0</difficult>
            <bndbox>
                <xmin>148</xmin>
                <ymin>112</ymin>
                <xmax>230</xmax>
                <ymax>194</ymax>
            </bndbox>
        </object>
        <object>
            <name>plane</name>
            <pose>Unspecified</pose>
            <truncated>0</truncated>
            <difficult>0</difficult>
            <bndbox>
                <xmin>263</xmin>
                <ymin>322</ymin>
                <xmax>354</xmax>
                <ymax>411</ymax>
            </bndbox>
        </object>
        
    </annotation>
    