
    <annotation>
        <folder>Python Fun</folder>
        <filename>img28.jpg</filename>
        <path>C:\Users\rober\Documents\Python Fun\plane.jpg</path>
        <source>
            <database>Unknown</database>
        </source>
        <size>
            <width>1000</width>
            <height>700</height>
            <depth>3</depth>
        </size>
        <segmented>0</segmented>
        
        <object>
            <name>plane</name>
            <pose>Unspecified</pose>
            <truncated>0</truncated>
            <difficult>0</difficult>
            <bndbox>
                <xmin>286</xmin>
                <ymin>109</ymin>
                <xmax>322</xmax>
                <ymax>147</ymax>
            </bndbox>
        </object>
        <object>
            <name>plane</name>
            <pose>Unspecified</pose>
            <truncated>0</truncated>
            <difficult>0</difficult>
            <bndbox>
                <xmin>188</xmin>
                <ymin>71</ymin>
                <xmax>256</xmax>
                <ymax>139</ymax>
            </bndbox>
        </object>
        <object>
            <name>plane</name>
            <pose>Unspecified</pose>
            <truncated>0</truncated>
            <difficult>0</difficult>
            <bndbox>
                <xmin>536</xmin>
                <ymin>132</ymin>
                <xmax>604</xmax>
                <ymax>193</ymax>
            </bndbox>
        </object>
        <object>
            <name>plane</name>
            <pose>Unspecified</pose>
            <truncated>0</truncated>
            <difficult>0</difficult>
            <bndbox>
                <xmin>321</xmin>
                <ymin>450</ymin>
                <xmax>360</xmax>
                <ymax>493</ymax>
            </bndbox>
        </object>
        <object>
            <name>plane</name>
            <pose>Unspecified</pose>
            <truncated>0</truncated>
            <difficult>0</difficult>
            <bndbox>
                <xmin>682</xmin>
                <ymin>84</ymin>
                <xmax>732</xmax>
                <ymax>135</ymax>
            </bndbox>
        </object>
        <object>
            <name>plane</name>
            <pose>Unspecified</pose>
            <truncated>0</truncated>
            <difficult>0</difficult>
            <bndbox>
                <xmin>487</xmin>
                <ymin>541</ymin>
                <xmax>537</xmax>
                <ymax>591</ymax>
            </bndbox>
        </object>
        <object>
            <name>plane</name>
            <pose>Unspecified</pose>
            <truncated>0</truncated>
            <difficult>0</difficult>
            <bndbox>
                <xmin>309</xmin>
                <ymin>189</ymin>
                <xmax>391</xmax>
                <ymax>270</ymax>
            </bndbox>
        </object>
        
    </annotation>
    