
    <annotation>
        <folder>Python Fun</folder>
        <filename>img39.jpg</filename>
        <path>C:\Users\rober\Documents\Python Fun\plane.jpg</path>
        <source>
            <database>Unknown</database>
        </source>
        <size>
            <width>1000</width>
            <height>700</height>
            <depth>3</depth>
        </size>
        <segmented>0</segmented>
        
        <object>
            <name>plane</name>
            <pose>Unspecified</pose>
            <truncated>0</truncated>
            <difficult>0</difficult>
            <bndbox>
                <xmin>723</xmin>
                <ymin>233</ymin>
                <xmax>769</xmax>
                <ymax>281</ymax>
            </bndbox>
        </object>
        <object>
            <name>plane</name>
            <pose>Unspecified</pose>
            <truncated>0</truncated>
            <difficult>0</difficult>
            <bndbox>
                <xmin>205</xmin>
                <ymin>306</ymin>
                <xmax>263</xmax>
                <ymax>363</ymax>
            </bndbox>
        </object>
        <object>
            <name>plane</name>
            <pose>Unspecified</pose>
            <truncated>0</truncated>
            <difficult>0</difficult>
            <bndbox>
                <xmin>108</xmin>
                <ymin>194</ymin>
                <xmax>152</xmax>
                <ymax>238</ymax>
            </bndbox>
        </object>
        <object>
            <name>plane</name>
            <pose>Unspecified</pose>
            <truncated>0</truncated>
            <difficult>0</difficult>
            <bndbox>
                <xmin>631</xmin>
                <ymin>504</ymin>
                <xmax>707</xmax>
                <ymax>576</ymax>
            </bndbox>
        </object>
        <object>
            <name>plane</name>
            <pose>Unspecified</pose>
            <truncated>0</truncated>
            <difficult>0</difficult>
            <bndbox>
                <xmin>564</xmin>
                <ymin>126</ymin>
                <xmax>603</xmax>
                <ymax>168</ymax>
            </bndbox>
        </object>
        <object>
            <name>plane</name>
            <pose>Unspecified</pose>
            <truncated>0</truncated>
            <difficult>0</difficult>
            <bndbox>
                <xmin>146</xmin>
                <ymin>109</ymin>
                <xmax>209</xmax>
                <ymax>173</ymax>
            </bndbox>
        </object>
        <object>
            <name>plane</name>
            <pose>Unspecified</pose>
            <truncated>0</truncated>
            <difficult>0</difficult>
            <bndbox>
                <xmin>452</xmin>
                <ymin>493</ymin>
                <xmax>519</xmax>
                <ymax>563</ymax>
            </bndbox>
        </object>
        <object>
            <name>plane</name>
            <pose>Unspecified</pose>
            <truncated>0</truncated>
            <difficult>0</difficult>
            <bndbox>
                <xmin>870</xmin>
                <ymin>477</ymin>
                <xmax>942</xmax>
                <ymax>553</ymax>
            </bndbox>
        </object>
        <object>
            <name>plane</name>
            <pose>Unspecified</pose>
            <truncated>0</truncated>
            <difficult>0</difficult>
            <bndbox>
                <xmin>79</xmin>
                <ymin>141</ymin>
                <xmax>157</xmax>
                <ymax>222</ymax>
            </bndbox>
        </object>
        <object>
            <name>plane</name>
            <pose>Unspecified</pose>
            <truncated>0</truncated>
            <difficult>0</difficult>
            <bndbox>
                <xmin>279</xmin>
                <ymin>450</ymin>
                <xmax>361</xmax>
                <ymax>530</ymax>
            </bndbox>
        </object>
        <object>
            <name>plane</name>
            <pose>Unspecified</pose>
            <truncated>0</truncated>
            <difficult>0</difficult>
            <bndbox>
                <xmin>750</xmin>
                <ymin>214</ymin>
                <xmax>849</xmax>
                <ymax>310</ymax>
            </bndbox>
        </object>
        <object>
            <name>plane</name>
            <pose>Unspecified</pose>
            <truncated>0</truncated>
            <difficult>0</difficult>
            <bndbox>
                <xmin>201</xmin>
                <ymin>41</ymin>
                <xmax>272</xmax>
                <ymax>112</ymax>
            </bndbox>
        </object>
        
    </annotation>
    