
    <annotation>
        <folder>Python Fun</folder>
        <filename>img3.jpg</filename>
        <path>C:\Users\rober\Documents\Python Fun\plane.jpg</path>
        <source>
            <database>Unknown</database>
        </source>
        <size>
            <width>1000</width>
            <height>700</height>
            <depth>3</depth>
        </size>
        <segmented>0</segmented>
        
        <object>
            <name>plane</name>
            <pose>Unspecified</pose>
            <truncated>0</truncated>
            <difficult>0</difficult>
            <bndbox>
                <xmin>426</xmin>
                <ymin>565</ymin>
                <xmax>484</xmax>
                <ymax>625</ymax>
            </bndbox>
        </object>
        <object>
            <name>plane</name>
            <pose>Unspecified</pose>
            <truncated>0</truncated>
            <difficult>0</difficult>
            <bndbox>
                <xmin>674</xmin>
                <ymin>281</ymin>
                <xmax>703</xmax>
                <ymax>314</ymax>
            </bndbox>
        </object>
        <object>
            <name>plane</name>
            <pose>Unspecified</pose>
            <truncated>0</truncated>
            <difficult>0</difficult>
            <bndbox>
                <xmin>188</xmin>
                <ymin>502</ymin>
                <xmax>234</xmax>
                <ymax>549</ymax>
            </bndbox>
        </object>
        <object>
            <name>plane</name>
            <pose>Unspecified</pose>
            <truncated>0</truncated>
            <difficult>0</difficult>
            <bndbox>
                <xmin>64</xmin>
                <ymin>506</ymin>
                <xmax>132</xmax>
                <ymax>576</ymax>
            </bndbox>
        </object>
        <object>
            <name>plane</name>
            <pose>Unspecified</pose>
            <truncated>0</truncated>
            <difficult>0</difficult>
            <bndbox>
                <xmin>795</xmin>
                <ymin>26</ymin>
                <xmax>868</xmax>
                <ymax>100</ymax>
            </bndbox>
        </object>
        <object>
            <name>plane</name>
            <pose>Unspecified</pose>
            <truncated>0</truncated>
            <difficult>0</difficult>
            <bndbox>
                <xmin>887</xmin>
                <ymin>28</ymin>
                <xmax>954</xmax>
                <ymax>94</ymax>
            </bndbox>
        </object>
        <object>
            <name>plane</name>
            <pose>Unspecified</pose>
            <truncated>0</truncated>
            <difficult>0</difficult>
            <bndbox>
                <xmin>599</xmin>
                <ymin>202</ymin>
                <xmax>671</xmax>
                <ymax>276</ymax>
            </bndbox>
        </object>
        <object>
            <name>plane</name>
            <pose>Unspecified</pose>
            <truncated>0</truncated>
            <difficult>0</difficult>
            <bndbox>
                <xmin>23</xmin>
                <ymin>580</ymin>
                <xmax>105</xmax>
                <ymax>657</ymax>
            </bndbox>
        </object>
        <object>
            <name>plane</name>
            <pose>Unspecified</pose>
            <truncated>0</truncated>
            <difficult>0</difficult>
            <bndbox>
                <xmin>61</xmin>
                <ymin>326</ymin>
                <xmax>135</xmax>
                <ymax>397</ymax>
            </bndbox>
        </object>
        <object>
            <name>plane</name>
            <pose>Unspecified</pose>
            <truncated>0</truncated>
            <difficult>0</difficult>
            <bndbox>
                <xmin>56</xmin>
                <ymin>354</ymin>
                <xmax>91</xmax>
                <ymax>388</ymax>
            </bndbox>
        </object>
        <object>
            <name>plane</name>
            <pose>Unspecified</pose>
            <truncated>0</truncated>
            <difficult>0</difficult>
            <bndbox>
                <xmin>310</xmin>
                <ymin>599</ymin>
                <xmax>373</xmax>
                <ymax>662</ymax>
            </bndbox>
        </object>
        
    </annotation>
    