
    <annotation>
        <folder>Python Fun</folder>
        <filename>img32.jpg</filename>
        <path>C:\Users\rober\Documents\Python Fun\plane.jpg</path>
        <source>
            <database>Unknown</database>
        </source>
        <size>
            <width>1000</width>
            <height>700</height>
            <depth>3</depth>
        </size>
        <segmented>0</segmented>
        
        <object>
            <name>plane</name>
            <pose>Unspecified</pose>
            <truncated>0</truncated>
            <difficult>0</difficult>
            <bndbox>
                <xmin>173</xmin>
                <ymin>567</ymin>
                <xmax>280</xmax>
                <ymax>673</ymax>
            </bndbox>
        </object>
        <object>
            <name>plane</name>
            <pose>Unspecified</pose>
            <truncated>0</truncated>
            <difficult>0</difficult>
            <bndbox>
                <xmin>426</xmin>
                <ymin>603</ymin>
                <xmax>493</xmax>
                <ymax>670</ymax>
            </bndbox>
        </object>
        <object>
            <name>plane</name>
            <pose>Unspecified</pose>
            <truncated>0</truncated>
            <difficult>0</difficult>
            <bndbox>
                <xmin>312</xmin>
                <ymin>189</ymin>
                <xmax>381</xmax>
                <ymax>256</ymax>
            </bndbox>
        </object>
        <object>
            <name>plane</name>
            <pose>Unspecified</pose>
            <truncated>0</truncated>
            <difficult>0</difficult>
            <bndbox>
                <xmin>253</xmin>
                <ymin>37</ymin>
                <xmax>347</xmax>
                <ymax>128</ymax>
            </bndbox>
        </object>
        <object>
            <name>plane</name>
            <pose>Unspecified</pose>
            <truncated>0</truncated>
            <difficult>0</difficult>
            <bndbox>
                <xmin>73</xmin>
                <ymin>398</ymin>
                <xmax>119</xmax>
                <ymax>446</ymax>
            </bndbox>
        </object>
        
    </annotation>
    