
    <annotation>
        <folder>Python Fun</folder>
        <filename>img31.jpg</filename>
        <path>C:\Users\rober\Documents\Python Fun\plane.jpg</path>
        <source>
            <database>Unknown</database>
        </source>
        <size>
            <width>1000</width>
            <height>700</height>
            <depth>3</depth>
        </size>
        <segmented>0</segmented>
        
        <object>
            <name>plane</name>
            <pose>Unspecified</pose>
            <truncated>0</truncated>
            <difficult>0</difficult>
            <bndbox>
                <xmin>734</xmin>
                <ymin>572</ymin>
                <xmax>770</xmax>
                <ymax>606</ymax>
            </bndbox>
        </object>
        <object>
            <name>plane</name>
            <pose>Unspecified</pose>
            <truncated>0</truncated>
            <difficult>0</difficult>
            <bndbox>
                <xmin>591</xmin>
                <ymin>579</ymin>
                <xmax>647</xmax>
                <ymax>635</ymax>
            </bndbox>
        </object>
        <object>
            <name>plane</name>
            <pose>Unspecified</pose>
            <truncated>0</truncated>
            <difficult>0</difficult>
            <bndbox>
                <xmin>755</xmin>
                <ymin>138</ymin>
                <xmax>843</xmax>
                <ymax>229</ymax>
            </bndbox>
        </object>
        <object>
            <name>plane</name>
            <pose>Unspecified</pose>
            <truncated>0</truncated>
            <difficult>0</difficult>
            <bndbox>
                <xmin>335</xmin>
                <ymin>287</ymin>
                <xmax>419</xmax>
                <ymax>372</ymax>
            </bndbox>
        </object>
        <object>
            <name>plane</name>
            <pose>Unspecified</pose>
            <truncated>0</truncated>
            <difficult>0</difficult>
            <bndbox>
                <xmin>194</xmin>
                <ymin>379</ymin>
                <xmax>289</xmax>
                <ymax>476</ymax>
            </bndbox>
        </object>
        
    </annotation>
    