
    <annotation>
        <folder>Python Fun</folder>
        <filename>img30.jpg</filename>
        <path>C:\Users\rober\Documents\Python Fun\plane.jpg</path>
        <source>
            <database>Unknown</database>
        </source>
        <size>
            <width>1000</width>
            <height>700</height>
            <depth>3</depth>
        </size>
        <segmented>0</segmented>
        
        <object>
            <name>plane</name>
            <pose>Unspecified</pose>
            <truncated>0</truncated>
            <difficult>0</difficult>
            <bndbox>
                <xmin>665</xmin>
                <ymin>457</ymin>
                <xmax>704</xmax>
                <ymax>494</ymax>
            </bndbox>
        </object>
        <object>
            <name>plane</name>
            <pose>Unspecified</pose>
            <truncated>0</truncated>
            <difficult>0</difficult>
            <bndbox>
                <xmin>592</xmin>
                <ymin>37</ymin>
                <xmax>671</xmax>
                <ymax>117</ymax>
            </bndbox>
        </object>
        <object>
            <name>plane</name>
            <pose>Unspecified</pose>
            <truncated>0</truncated>
            <difficult>0</difficult>
            <bndbox>
                <xmin>357</xmin>
                <ymin>495</ymin>
                <xmax>422</xmax>
                <ymax>562</ymax>
            </bndbox>
        </object>
        <object>
            <name>plane</name>
            <pose>Unspecified</pose>
            <truncated>0</truncated>
            <difficult>0</difficult>
            <bndbox>
                <xmin>343</xmin>
                <ymin>122</ymin>
                <xmax>406</xmax>
                <ymax>185</ymax>
            </bndbox>
        </object>
        <object>
            <name>plane</name>
            <pose>Unspecified</pose>
            <truncated>0</truncated>
            <difficult>0</difficult>
            <bndbox>
                <xmin>426</xmin>
                <ymin>180</ymin>
                <xmax>520</xmax>
                <ymax>265</ymax>
            </bndbox>
        </object>
        <object>
            <name>plane</name>
            <pose>Unspecified</pose>
            <truncated>0</truncated>
            <difficult>0</difficult>
            <bndbox>
                <xmin>662</xmin>
                <ymin>356</ymin>
                <xmax>736</xmax>
                <ymax>429</ymax>
            </bndbox>
        </object>
        <object>
            <name>plane</name>
            <pose>Unspecified</pose>
            <truncated>0</truncated>
            <difficult>0</difficult>
            <bndbox>
                <xmin>179</xmin>
                <ymin>220</ymin>
                <xmax>236</xmax>
                <ymax>281</ymax>
            </bndbox>
        </object>
        <object>
            <name>plane</name>
            <pose>Unspecified</pose>
            <truncated>0</truncated>
            <difficult>0</difficult>
            <bndbox>
                <xmin>809</xmin>
                <ymin>282</ymin>
                <xmax>902</xmax>
                <ymax>377</ymax>
            </bndbox>
        </object>
        <object>
            <name>plane</name>
            <pose>Unspecified</pose>
            <truncated>0</truncated>
            <difficult>0</difficult>
            <bndbox>
                <xmin>321</xmin>
                <ymin>584</ymin>
                <xmax>365</xmax>
                <ymax>626</ymax>
            </bndbox>
        </object>
        <object>
            <name>plane</name>
            <pose>Unspecified</pose>
            <truncated>0</truncated>
            <difficult>0</difficult>
            <bndbox>
                <xmin>823</xmin>
                <ymin>486</ymin>
                <xmax>892</xmax>
                <ymax>554</ymax>
            </bndbox>
        </object>
        <object>
            <name>plane</name>
            <pose>Unspecified</pose>
            <truncated>0</truncated>
            <difficult>0</difficult>
            <bndbox>
                <xmin>234</xmin>
                <ymin>410</ymin>
                <xmax>285</xmax>
                <ymax>458</ymax>
            </bndbox>
        </object>
        <object>
            <name>plane</name>
            <pose>Unspecified</pose>
            <truncated>0</truncated>
            <difficult>0</difficult>
            <bndbox>
                <xmin>343</xmin>
                <ymin>341</ymin>
                <xmax>388</xmax>
                <ymax>386</ymax>
            </bndbox>
        </object>
        <object>
            <name>plane</name>
            <pose>Unspecified</pose>
            <truncated>0</truncated>
            <difficult>0</difficult>
            <bndbox>
                <xmin>824</xmin>
                <ymin>209</ymin>
                <xmax>926</xmax>
                <ymax>309</ymax>
            </bndbox>
        </object>
        <object>
            <name>plane</name>
            <pose>Unspecified</pose>
            <truncated>0</truncated>
            <difficult>0</difficult>
            <bndbox>
                <xmin>582</xmin>
                <ymin>114</ymin>
                <xmax>678</xmax>
                <ymax>213</ymax>
            </bndbox>
        </object>
        
    </annotation>
    