
    <annotation>
        <folder>Python Fun</folder>
        <filename>img34.jpg</filename>
        <path>C:\Users\rober\Documents\Python Fun\plane.jpg</path>
        <source>
            <database>Unknown</database>
        </source>
        <size>
            <width>1000</width>
            <height>700</height>
            <depth>3</depth>
        </size>
        <segmented>0</segmented>
        
        <object>
            <name>plane</name>
            <pose>Unspecified</pose>
            <truncated>0</truncated>
            <difficult>0</difficult>
            <bndbox>
                <xmin>720</xmin>
                <ymin>446</ymin>
                <xmax>773</xmax>
                <ymax>496</ymax>
            </bndbox>
        </object>
        <object>
            <name>plane</name>
            <pose>Unspecified</pose>
            <truncated>0</truncated>
            <difficult>0</difficult>
            <bndbox>
                <xmin>903</xmin>
                <ymin>558</ymin>
                <xmax>956</xmax>
                <ymax>608</ymax>
            </bndbox>
        </object>
        <object>
            <name>plane</name>
            <pose>Unspecified</pose>
            <truncated>0</truncated>
            <difficult>0</difficult>
            <bndbox>
                <xmin>517</xmin>
                <ymin>85</ymin>
                <xmax>607</xmax>
                <ymax>170</ymax>
            </bndbox>
        </object>
        <object>
            <name>plane</name>
            <pose>Unspecified</pose>
            <truncated>0</truncated>
            <difficult>0</difficult>
            <bndbox>
                <xmin>753</xmin>
                <ymin>214</ymin>
                <xmax>853</xmax>
                <ymax>313</ymax>
            </bndbox>
        </object>
        <object>
            <name>plane</name>
            <pose>Unspecified</pose>
            <truncated>0</truncated>
            <difficult>0</difficult>
            <bndbox>
                <xmin>812</xmin>
                <ymin>158</ymin>
                <xmax>879</xmax>
                <ymax>225</ymax>
            </bndbox>
        </object>
        <object>
            <name>plane</name>
            <pose>Unspecified</pose>
            <truncated>0</truncated>
            <difficult>0</difficult>
            <bndbox>
                <xmin>750</xmin>
                <ymin>263</ymin>
                <xmax>819</xmax>
                <ymax>325</ymax>
            </bndbox>
        </object>
        <object>
            <name>plane</name>
            <pose>Unspecified</pose>
            <truncated>0</truncated>
            <difficult>0</difficult>
            <bndbox>
                <xmin>263</xmin>
                <ymin>593</ymin>
                <xmax>305</xmax>
                <ymax>634</ymax>
            </bndbox>
        </object>
        <object>
            <name>plane</name>
            <pose>Unspecified</pose>
            <truncated>0</truncated>
            <difficult>0</difficult>
            <bndbox>
                <xmin>825</xmin>
                <ymin>426</ymin>
                <xmax>870</xmax>
                <ymax>477</ymax>
            </bndbox>
        </object>
        <object>
            <name>plane</name>
            <pose>Unspecified</pose>
            <truncated>0</truncated>
            <difficult>0</difficult>
            <bndbox>
                <xmin>285</xmin>
                <ymin>277</ymin>
                <xmax>341</xmax>
                <ymax>331</ymax>
            </bndbox>
        </object>
        
    </annotation>
    