
    <annotation>
        <folder>Python Fun</folder>
        <filename>img37.jpg</filename>
        <path>C:\Users\rober\Documents\Python Fun\plane.jpg</path>
        <source>
            <database>Unknown</database>
        </source>
        <size>
            <width>1000</width>
            <height>700</height>
            <depth>3</depth>
        </size>
        <segmented>0</segmented>
        
        <object>
            <name>plane</name>
            <pose>Unspecified</pose>
            <truncated>0</truncated>
            <difficult>0</difficult>
            <bndbox>
                <xmin>70</xmin>
                <ymin>370</ymin>
                <xmax>175</xmax>
                <ymax>477</ymax>
            </bndbox>
        </object>
        <object>
            <name>plane</name>
            <pose>Unspecified</pose>
            <truncated>0</truncated>
            <difficult>0</difficult>
            <bndbox>
                <xmin>613</xmin>
                <ymin>48</ymin>
                <xmax>679</xmax>
                <ymax>115</ymax>
            </bndbox>
        </object>
        <object>
            <name>plane</name>
            <pose>Unspecified</pose>
            <truncated>0</truncated>
            <difficult>0</difficult>
            <bndbox>
                <xmin>453</xmin>
                <ymin>490</ymin>
                <xmax>513</xmax>
                <ymax>552</ymax>
            </bndbox>
        </object>
        <object>
            <name>plane</name>
            <pose>Unspecified</pose>
            <truncated>0</truncated>
            <difficult>0</difficult>
            <bndbox>
                <xmin>273</xmin>
                <ymin>325</ymin>
                <xmax>345</xmax>
                <ymax>392</ymax>
            </bndbox>
        </object>
        <object>
            <name>plane</name>
            <pose>Unspecified</pose>
            <truncated>0</truncated>
            <difficult>0</difficult>
            <bndbox>
                <xmin>219</xmin>
                <ymin>474</ymin>
                <xmax>297</xmax>
                <ymax>556</ymax>
            </bndbox>
        </object>
        <object>
            <name>plane</name>
            <pose>Unspecified</pose>
            <truncated>0</truncated>
            <difficult>0</difficult>
            <bndbox>
                <xmin>479</xmin>
                <ymin>355</ymin>
                <xmax>529</xmax>
                <ymax>402</ymax>
            </bndbox>
        </object>
        
    </annotation>
    