
    <annotation>
        <folder>Python Fun</folder>
        <filename>img33.jpg</filename>
        <path>C:\Users\rober\Documents\Python Fun\plane.jpg</path>
        <source>
            <database>Unknown</database>
        </source>
        <size>
            <width>1000</width>
            <height>700</height>
            <depth>3</depth>
        </size>
        <segmented>0</segmented>
        
        <object>
            <name>plane</name>
            <pose>Unspecified</pose>
            <truncated>0</truncated>
            <difficult>0</difficult>
            <bndbox>
                <xmin>405</xmin>
                <ymin>422</ymin>
                <xmax>447</xmax>
                <ymax>457</ymax>
            </bndbox>
        </object>
        <object>
            <name>plane</name>
            <pose>Unspecified</pose>
            <truncated>0</truncated>
            <difficult>0</difficult>
            <bndbox>
                <xmin>218</xmin>
                <ymin>194</ymin>
                <xmax>267</xmax>
                <ymax>245</ymax>
            </bndbox>
        </object>
        <object>
            <name>plane</name>
            <pose>Unspecified</pose>
            <truncated>0</truncated>
            <difficult>0</difficult>
            <bndbox>
                <xmin>864</xmin>
                <ymin>67</ymin>
                <xmax>936</xmax>
                <ymax>140</ymax>
            </bndbox>
        </object>
        <object>
            <name>plane</name>
            <pose>Unspecified</pose>
            <truncated>0</truncated>
            <difficult>0</difficult>
            <bndbox>
                <xmin>703</xmin>
                <ymin>216</ymin>
                <xmax>760</xmax>
                <ymax>279</ymax>
            </bndbox>
        </object>
        <object>
            <name>plane</name>
            <pose>Unspecified</pose>
            <truncated>0</truncated>
            <difficult>0</difficult>
            <bndbox>
                <xmin>524</xmin>
                <ymin>422</ymin>
                <xmax>608</xmax>
                <ymax>510</ymax>
            </bndbox>
        </object>
        <object>
            <name>plane</name>
            <pose>Unspecified</pose>
            <truncated>0</truncated>
            <difficult>0</difficult>
            <bndbox>
                <xmin>862</xmin>
                <ymin>520</ymin>
                <xmax>968</xmax>
                <ymax>626</ymax>
            </bndbox>
        </object>
        <object>
            <name>plane</name>
            <pose>Unspecified</pose>
            <truncated>0</truncated>
            <difficult>0</difficult>
            <bndbox>
                <xmin>316</xmin>
                <ymin>586</ymin>
                <xmax>343</xmax>
                <ymax>618</ymax>
            </bndbox>
        </object>
        <object>
            <name>plane</name>
            <pose>Unspecified</pose>
            <truncated>0</truncated>
            <difficult>0</difficult>
            <bndbox>
                <xmin>400</xmin>
                <ymin>309</ymin>
                <xmax>453</xmax>
                <ymax>363</ymax>
            </bndbox>
        </object>
        <object>
            <name>plane</name>
            <pose>Unspecified</pose>
            <truncated>0</truncated>
            <difficult>0</difficult>
            <bndbox>
                <xmin>849</xmin>
                <ymin>567</ymin>
                <xmax>885</xmax>
                <ymax>601</ymax>
            </bndbox>
        </object>
        
    </annotation>
    