
    <annotation>
        <folder>Python Fun</folder>
        <filename>img36.jpg</filename>
        <path>C:\Users\rober\Documents\Python Fun\plane.jpg</path>
        <source>
            <database>Unknown</database>
        </source>
        <size>
            <width>1000</width>
            <height>700</height>
            <depth>3</depth>
        </size>
        <segmented>0</segmented>
        
        <object>
            <name>plane</name>
            <pose>Unspecified</pose>
            <truncated>0</truncated>
            <difficult>0</difficult>
            <bndbox>
                <xmin>850</xmin>
                <ymin>129</ymin>
                <xmax>935</xmax>
                <ymax>215</ymax>
            </bndbox>
        </object>
        <object>
            <name>plane</name>
            <pose>Unspecified</pose>
            <truncated>0</truncated>
            <difficult>0</difficult>
            <bndbox>
                <xmin>899</xmin>
                <ymin>507</ymin>
                <xmax>936</xmax>
                <ymax>546</ymax>
            </bndbox>
        </object>
        <object>
            <name>plane</name>
            <pose>Unspecified</pose>
            <truncated>0</truncated>
            <difficult>0</difficult>
            <bndbox>
                <xmin>329</xmin>
                <ymin>205</ymin>
                <xmax>419</xmax>
                <ymax>296</ymax>
            </bndbox>
        </object>
        <object>
            <name>plane</name>
            <pose>Unspecified</pose>
            <truncated>0</truncated>
            <difficult>0</difficult>
            <bndbox>
                <xmin>488</xmin>
                <ymin>394</ymin>
                <xmax>539</xmax>
                <ymax>448</ymax>
            </bndbox>
        </object>
        <object>
            <name>plane</name>
            <pose>Unspecified</pose>
            <truncated>0</truncated>
            <difficult>0</difficult>
            <bndbox>
                <xmin>162</xmin>
                <ymin>326</ymin>
                <xmax>238</xmax>
                <ymax>399</ymax>
            </bndbox>
        </object>
        <object>
            <name>plane</name>
            <pose>Unspecified</pose>
            <truncated>0</truncated>
            <difficult>0</difficult>
            <bndbox>
                <xmin>537</xmin>
                <ymin>91</ymin>
                <xmax>617</xmax>
                <ymax>168</ymax>
            </bndbox>
        </object>
        
    </annotation>
    