
    <annotation>
        <folder>Python Fun</folder>
        <filename>img35.jpg</filename>
        <path>C:\Users\rober\Documents\Python Fun\plane.jpg</path>
        <source>
            <database>Unknown</database>
        </source>
        <size>
            <width>1000</width>
            <height>700</height>
            <depth>3</depth>
        </size>
        <segmented>0</segmented>
        
        <object>
            <name>plane</name>
            <pose>Unspecified</pose>
            <truncated>0</truncated>
            <difficult>0</difficult>
            <bndbox>
                <xmin>694</xmin>
                <ymin>364</ymin>
                <xmax>760</xmax>
                <ymax>429</ymax>
            </bndbox>
        </object>
        <object>
            <name>plane</name>
            <pose>Unspecified</pose>
            <truncated>0</truncated>
            <difficult>0</difficult>
            <bndbox>
                <xmin>441</xmin>
                <ymin>279</ymin>
                <xmax>489</xmax>
                <ymax>329</ymax>
            </bndbox>
        </object>
        <object>
            <name>plane</name>
            <pose>Unspecified</pose>
            <truncated>0</truncated>
            <difficult>0</difficult>
            <bndbox>
                <xmin>281</xmin>
                <ymin>334</ymin>
                <xmax>344</xmax>
                <ymax>389</ymax>
            </bndbox>
        </object>
        <object>
            <name>plane</name>
            <pose>Unspecified</pose>
            <truncated>0</truncated>
            <difficult>0</difficult>
            <bndbox>
                <xmin>750</xmin>
                <ymin>58</ymin>
                <xmax>841</xmax>
                <ymax>151</ymax>
            </bndbox>
        </object>
        <object>
            <name>plane</name>
            <pose>Unspecified</pose>
            <truncated>0</truncated>
            <difficult>0</difficult>
            <bndbox>
                <xmin>382</xmin>
                <ymin>256</ymin>
                <xmax>442</xmax>
                <ymax>324</ymax>
            </bndbox>
        </object>
        <object>
            <name>plane</name>
            <pose>Unspecified</pose>
            <truncated>0</truncated>
            <difficult>0</difficult>
            <bndbox>
                <xmin>531</xmin>
                <ymin>388</ymin>
                <xmax>597</xmax>
                <ymax>457</ymax>
            </bndbox>
        </object>
        
    </annotation>
    