
    <annotation>
        <folder>Python Fun</folder>
        <filename>img43.jpg</filename>
        <path>C:\Users\rober\Documents\Python Fun\plane.jpg</path>
        <source>
            <database>Unknown</database>
        </source>
        <size>
            <width>1000</width>
            <height>700</height>
            <depth>3</depth>
        </size>
        <segmented>0</segmented>
        
        <object>
            <name>plane</name>
            <pose>Unspecified</pose>
            <truncated>0</truncated>
            <difficult>0</difficult>
            <bndbox>
                <xmin>176</xmin>
                <ymin>100</ymin>
                <xmax>232</xmax>
                <ymax>156</ymax>
            </bndbox>
        </object>
        <object>
            <name>plane</name>
            <pose>Unspecified</pose>
            <truncated>0</truncated>
            <difficult>0</difficult>
            <bndbox>
                <xmin>792</xmin>
                <ymin>419</ymin>
                <xmax>844</xmax>
                <ymax>475</ymax>
            </bndbox>
        </object>
        <object>
            <name>plane</name>
            <pose>Unspecified</pose>
            <truncated>0</truncated>
            <difficult>0</difficult>
            <bndbox>
                <xmin>793</xmin>
                <ymin>339</ymin>
                <xmax>875</xmax>
                <ymax>419</ymax>
            </bndbox>
        </object>
        <object>
            <name>plane</name>
            <pose>Unspecified</pose>
            <truncated>0</truncated>
            <difficult>0</difficult>
            <bndbox>
                <xmin>591</xmin>
                <ymin>65</ymin>
                <xmax>639</xmax>
                <ymax>109</ymax>
            </bndbox>
        </object>
        <object>
            <name>plane</name>
            <pose>Unspecified</pose>
            <truncated>0</truncated>
            <difficult>0</difficult>
            <bndbox>
                <xmin>153</xmin>
                <ymin>448</ymin>
                <xmax>204</xmax>
                <ymax>496</ymax>
            </bndbox>
        </object>
        <object>
            <name>plane</name>
            <pose>Unspecified</pose>
            <truncated>0</truncated>
            <difficult>0</difficult>
            <bndbox>
                <xmin>799</xmin>
                <ymin>579</ymin>
                <xmax>843</xmax>
                <ymax>622</ymax>
            </bndbox>
        </object>
        
    </annotation>
    