
    <annotation>
        <folder>Python Fun</folder>
        <filename>img4.jpg</filename>
        <path>C:\Users\rober\Documents\Python Fun\plane.jpg</path>
        <source>
            <database>Unknown</database>
        </source>
        <size>
            <width>1000</width>
            <height>700</height>
            <depth>3</depth>
        </size>
        <segmented>0</segmented>
        
        <object>
            <name>plane</name>
            <pose>Unspecified</pose>
            <truncated>0</truncated>
            <difficult>0</difficult>
            <bndbox>
                <xmin>594</xmin>
                <ymin>484</ymin>
                <xmax>673</xmax>
                <ymax>565</ymax>
            </bndbox>
        </object>
        <object>
            <name>plane</name>
            <pose>Unspecified</pose>
            <truncated>0</truncated>
            <difficult>0</difficult>
            <bndbox>
                <xmin>130</xmin>
                <ymin>220</ymin>
                <xmax>184</xmax>
                <ymax>280</ymax>
            </bndbox>
        </object>
        <object>
            <name>plane</name>
            <pose>Unspecified</pose>
            <truncated>0</truncated>
            <difficult>0</difficult>
            <bndbox>
                <xmin>653</xmin>
                <ymin>152</ymin>
                <xmax>714</xmax>
                <ymax>217</ymax>
            </bndbox>
        </object>
        <object>
            <name>plane</name>
            <pose>Unspecified</pose>
            <truncated>0</truncated>
            <difficult>0</difficult>
            <bndbox>
                <xmin>401</xmin>
                <ymin>126</ymin>
                <xmax>444</xmax>
                <ymax>168</ymax>
            </bndbox>
        </object>
        <object>
            <name>plane</name>
            <pose>Unspecified</pose>
            <truncated>0</truncated>
            <difficult>0</difficult>
            <bndbox>
                <xmin>706</xmin>
                <ymin>211</ymin>
                <xmax>758</xmax>
                <ymax>265</ymax>
            </bndbox>
        </object>
        <object>
            <name>plane</name>
            <pose>Unspecified</pose>
            <truncated>0</truncated>
            <difficult>0</difficult>
            <bndbox>
                <xmin>784</xmin>
                <ymin>425</ymin>
                <xmax>850</xmax>
                <ymax>491</ymax>
            </bndbox>
        </object>
        <object>
            <name>plane</name>
            <pose>Unspecified</pose>
            <truncated>0</truncated>
            <difficult>0</difficult>
            <bndbox>
                <xmin>815</xmin>
                <ymin>475</ymin>
                <xmax>902</xmax>
                <ymax>561</ymax>
            </bndbox>
        </object>
        <object>
            <name>plane</name>
            <pose>Unspecified</pose>
            <truncated>0</truncated>
            <difficult>0</difficult>
            <bndbox>
                <xmin>658</xmin>
                <ymin>243</ymin>
                <xmax>697</xmax>
                <ymax>282</ymax>
            </bndbox>
        </object>
        <object>
            <name>plane</name>
            <pose>Unspecified</pose>
            <truncated>0</truncated>
            <difficult>0</difficult>
            <bndbox>
                <xmin>153</xmin>
                <ymin>81</ymin>
                <xmax>235</xmax>
                <ymax>162</ymax>
            </bndbox>
        </object>
        <object>
            <name>plane</name>
            <pose>Unspecified</pose>
            <truncated>0</truncated>
            <difficult>0</difficult>
            <bndbox>
                <xmin>834</xmin>
                <ymin>76</ymin>
                <xmax>899</xmax>
                <ymax>143</ymax>
            </bndbox>
        </object>
        <object>
            <name>plane</name>
            <pose>Unspecified</pose>
            <truncated>0</truncated>
            <difficult>0</difficult>
            <bndbox>
                <xmin>54</xmin>
                <ymin>321</ymin>
                <xmax>114</xmax>
                <ymax>376</ymax>
            </bndbox>
        </object>
        
    </annotation>
    