
    <annotation>
        <folder>Python Fun</folder>
        <filename>img46.jpg</filename>
        <path>C:\Users\rober\Documents\Python Fun\plane.jpg</path>
        <source>
            <database>Unknown</database>
        </source>
        <size>
            <width>1000</width>
            <height>700</height>
            <depth>3</depth>
        </size>
        <segmented>0</segmented>
        
        <object>
            <name>plane</name>
            <pose>Unspecified</pose>
            <truncated>0</truncated>
            <difficult>0</difficult>
            <bndbox>
                <xmin>171</xmin>
                <ymin>321</ymin>
                <xmax>217</xmax>
                <ymax>369</ymax>
            </bndbox>
        </object>
        <object>
            <name>plane</name>
            <pose>Unspecified</pose>
            <truncated>0</truncated>
            <difficult>0</difficult>
            <bndbox>
                <xmin>822</xmin>
                <ymin>180</ymin>
                <xmax>898</xmax>
                <ymax>259</ymax>
            </bndbox>
        </object>
        <object>
            <name>plane</name>
            <pose>Unspecified</pose>
            <truncated>0</truncated>
            <difficult>0</difficult>
            <bndbox>
                <xmin>819</xmin>
                <ymin>319</ymin>
                <xmax>873</xmax>
                <ymax>372</ymax>
            </bndbox>
        </object>
        <object>
            <name>plane</name>
            <pose>Unspecified</pose>
            <truncated>0</truncated>
            <difficult>0</difficult>
            <bndbox>
                <xmin>624</xmin>
                <ymin>158</ymin>
                <xmax>670</xmax>
                <ymax>200</ymax>
            </bndbox>
        </object>
        <object>
            <name>plane</name>
            <pose>Unspecified</pose>
            <truncated>0</truncated>
            <difficult>0</difficult>
            <bndbox>
                <xmin>163</xmin>
                <ymin>603</ymin>
                <xmax>202</xmax>
                <ymax>642</ymax>
            </bndbox>
        </object>
        <object>
            <name>plane</name>
            <pose>Unspecified</pose>
            <truncated>0</truncated>
            <difficult>0</difficult>
            <bndbox>
                <xmin>604</xmin>
                <ymin>114</ymin>
                <xmax>644</xmax>
                <ymax>155</ymax>
            </bndbox>
        </object>
        <object>
            <name>plane</name>
            <pose>Unspecified</pose>
            <truncated>0</truncated>
            <difficult>0</difficult>
            <bndbox>
                <xmin>766</xmin>
                <ymin>297</ymin>
                <xmax>807</xmax>
                <ymax>340</ymax>
            </bndbox>
        </object>
        <object>
            <name>plane</name>
            <pose>Unspecified</pose>
            <truncated>0</truncated>
            <difficult>0</difficult>
            <bndbox>
                <xmin>714</xmin>
                <ymin>135</ymin>
                <xmax>798</xmax>
                <ymax>220</ymax>
            </bndbox>
        </object>
        <object>
            <name>plane</name>
            <pose>Unspecified</pose>
            <truncated>0</truncated>
            <difficult>0</difficult>
            <bndbox>
                <xmin>589</xmin>
                <ymin>256</ymin>
                <xmax>648</xmax>
                <ymax>321</ymax>
            </bndbox>
        </object>
        <object>
            <name>plane</name>
            <pose>Unspecified</pose>
            <truncated>0</truncated>
            <difficult>0</difficult>
            <bndbox>
                <xmin>634</xmin>
                <ymin>287</ymin>
                <xmax>675</xmax>
                <ymax>326</ymax>
            </bndbox>
        </object>
        <object>
            <name>plane</name>
            <pose>Unspecified</pose>
            <truncated>0</truncated>
            <difficult>0</difficult>
            <bndbox>
                <xmin>689</xmin>
                <ymin>603</ymin>
                <xmax>739</xmax>
                <ymax>653</ymax>
            </bndbox>
        </object>
        
    </annotation>
    