
    <annotation>
        <folder>Python Fun</folder>
        <filename>img40.jpg</filename>
        <path>C:\Users\rober\Documents\Python Fun\plane.jpg</path>
        <source>
            <database>Unknown</database>
        </source>
        <size>
            <width>1000</width>
            <height>700</height>
            <depth>3</depth>
        </size>
        <segmented>0</segmented>
        
        <object>
            <name>plane</name>
            <pose>Unspecified</pose>
            <truncated>0</truncated>
            <difficult>0</difficult>
            <bndbox>
                <xmin>491</xmin>
                <ymin>188</ymin>
                <xmax>548</xmax>
                <ymax>246</ymax>
            </bndbox>
        </object>
        <object>
            <name>plane</name>
            <pose>Unspecified</pose>
            <truncated>0</truncated>
            <difficult>0</difficult>
            <bndbox>
                <xmin>888</xmin>
                <ymin>417</ymin>
                <xmax>938</xmax>
                <ymax>463</ymax>
            </bndbox>
        </object>
        <object>
            <name>plane</name>
            <pose>Unspecified</pose>
            <truncated>0</truncated>
            <difficult>0</difficult>
            <bndbox>
                <xmin>685</xmin>
                <ymin>51</ymin>
                <xmax>722</xmax>
                <ymax>89</ymax>
            </bndbox>
        </object>
        <object>
            <name>plane</name>
            <pose>Unspecified</pose>
            <truncated>0</truncated>
            <difficult>0</difficult>
            <bndbox>
                <xmin>175</xmin>
                <ymin>302</ymin>
                <xmax>224</xmax>
                <ymax>350</ymax>
            </bndbox>
        </object>
        <object>
            <name>plane</name>
            <pose>Unspecified</pose>
            <truncated>0</truncated>
            <difficult>0</difficult>
            <bndbox>
                <xmin>280</xmin>
                <ymin>97</ymin>
                <xmax>380</xmax>
                <ymax>200</ymax>
            </bndbox>
        </object>
        <object>
            <name>plane</name>
            <pose>Unspecified</pose>
            <truncated>0</truncated>
            <difficult>0</difficult>
            <bndbox>
                <xmin>809</xmin>
                <ymin>465</ymin>
                <xmax>856</xmax>
                <ymax>515</ymax>
            </bndbox>
        </object>
        <object>
            <name>plane</name>
            <pose>Unspecified</pose>
            <truncated>0</truncated>
            <difficult>0</difficult>
            <bndbox>
                <xmin>128</xmin>
                <ymin>543</ymin>
                <xmax>175</xmax>
                <ymax>587</ymax>
            </bndbox>
        </object>
        <object>
            <name>plane</name>
            <pose>Unspecified</pose>
            <truncated>0</truncated>
            <difficult>0</difficult>
            <bndbox>
                <xmin>667</xmin>
                <ymin>383</ymin>
                <xmax>731</xmax>
                <ymax>447</ymax>
            </bndbox>
        </object>
        <object>
            <name>plane</name>
            <pose>Unspecified</pose>
            <truncated>0</truncated>
            <difficult>0</difficult>
            <bndbox>
                <xmin>370</xmin>
                <ymin>494</ymin>
                <xmax>445</xmax>
                <ymax>566</ymax>
            </bndbox>
        </object>
        <object>
            <name>plane</name>
            <pose>Unspecified</pose>
            <truncated>0</truncated>
            <difficult>0</difficult>
            <bndbox>
                <xmin>351</xmin>
                <ymin>454</ymin>
                <xmax>456</xmax>
                <ymax>558</ymax>
            </bndbox>
        </object>
        <object>
            <name>plane</name>
            <pose>Unspecified</pose>
            <truncated>0</truncated>
            <difficult>0</difficult>
            <bndbox>
                <xmin>603</xmin>
                <ymin>276</ymin>
                <xmax>655</xmax>
                <ymax>330</ymax>
            </bndbox>
        </object>
        
    </annotation>
    