
    <annotation>
        <folder>Python Fun</folder>
        <filename>img41.jpg</filename>
        <path>C:\Users\rober\Documents\Python Fun\plane.jpg</path>
        <source>
            <database>Unknown</database>
        </source>
        <size>
            <width>1000</width>
            <height>700</height>
            <depth>3</depth>
        </size>
        <segmented>0</segmented>
        
        <object>
            <name>plane</name>
            <pose>Unspecified</pose>
            <truncated>0</truncated>
            <difficult>0</difficult>
            <bndbox>
                <xmin>430</xmin>
                <ymin>123</ymin>
                <xmax>482</xmax>
                <ymax>174</ymax>
            </bndbox>
        </object>
        <object>
            <name>plane</name>
            <pose>Unspecified</pose>
            <truncated>0</truncated>
            <difficult>0</difficult>
            <bndbox>
                <xmin>450</xmin>
                <ymin>491</ymin>
                <xmax>543</xmax>
                <ymax>587</ymax>
            </bndbox>
        </object>
        <object>
            <name>plane</name>
            <pose>Unspecified</pose>
            <truncated>0</truncated>
            <difficult>0</difficult>
            <bndbox>
                <xmin>819</xmin>
                <ymin>562</ymin>
                <xmax>888</xmax>
                <ymax>632</ymax>
            </bndbox>
        </object>
        <object>
            <name>plane</name>
            <pose>Unspecified</pose>
            <truncated>0</truncated>
            <difficult>0</difficult>
            <bndbox>
                <xmin>272</xmin>
                <ymin>561</ymin>
                <xmax>327</xmax>
                <ymax>614</ymax>
            </bndbox>
        </object>
        <object>
            <name>plane</name>
            <pose>Unspecified</pose>
            <truncated>0</truncated>
            <difficult>0</difficult>
            <bndbox>
                <xmin>115</xmin>
                <ymin>257</ymin>
                <xmax>175</xmax>
                <ymax>317</ymax>
            </bndbox>
        </object>
        <object>
            <name>plane</name>
            <pose>Unspecified</pose>
            <truncated>0</truncated>
            <difficult>0</difficult>
            <bndbox>
                <xmin>763</xmin>
                <ymin>30</ymin>
                <xmax>843</xmax>
                <ymax>110</ymax>
            </bndbox>
        </object>
        <object>
            <name>plane</name>
            <pose>Unspecified</pose>
            <truncated>0</truncated>
            <difficult>0</difficult>
            <bndbox>
                <xmin>832</xmin>
                <ymin>124</ymin>
                <xmax>939</xmax>
                <ymax>231</ymax>
            </bndbox>
        </object>
        <object>
            <name>plane</name>
            <pose>Unspecified</pose>
            <truncated>0</truncated>
            <difficult>0</difficult>
            <bndbox>
                <xmin>916</xmin>
                <ymin>424</ymin>
                <xmax>953</xmax>
                <ymax>463</ymax>
            </bndbox>
        </object>
        <object>
            <name>plane</name>
            <pose>Unspecified</pose>
            <truncated>0</truncated>
            <difficult>0</difficult>
            <bndbox>
                <xmin>395</xmin>
                <ymin>382</ymin>
                <xmax>466</xmax>
                <ymax>455</ymax>
            </bndbox>
        </object>
        <object>
            <name>plane</name>
            <pose>Unspecified</pose>
            <truncated>0</truncated>
            <difficult>0</difficult>
            <bndbox>
                <xmin>369</xmin>
                <ymin>554</ymin>
                <xmax>418</xmax>
                <ymax>603</ymax>
            </bndbox>
        </object>
        <object>
            <name>plane</name>
            <pose>Unspecified</pose>
            <truncated>0</truncated>
            <difficult>0</difficult>
            <bndbox>
                <xmin>528</xmin>
                <ymin>535</ymin>
                <xmax>613</xmax>
                <ymax>621</ymax>
            </bndbox>
        </object>
        <object>
            <name>plane</name>
            <pose>Unspecified</pose>
            <truncated>0</truncated>
            <difficult>0</difficult>
            <bndbox>
                <xmin>624</xmin>
                <ymin>527</ymin>
                <xmax>706</xmax>
                <ymax>609</ymax>
            </bndbox>
        </object>
        <object>
            <name>plane</name>
            <pose>Unspecified</pose>
            <truncated>0</truncated>
            <difficult>0</difficult>
            <bndbox>
                <xmin>404</xmin>
                <ymin>139</ymin>
                <xmax>461</xmax>
                <ymax>193</ymax>
            </bndbox>
        </object>
        
    </annotation>
    