
    <annotation>
        <folder>Python Fun</folder>
        <filename>img48.jpg</filename>
        <path>C:\Users\rober\Documents\Python Fun\plane.jpg</path>
        <source>
            <database>Unknown</database>
        </source>
        <size>
            <width>1000</width>
            <height>700</height>
            <depth>3</depth>
        </size>
        <segmented>0</segmented>
        
        <object>
            <name>plane</name>
            <pose>Unspecified</pose>
            <truncated>0</truncated>
            <difficult>0</difficult>
            <bndbox>
                <xmin>74</xmin>
                <ymin>445</ymin>
                <xmax>171</xmax>
                <ymax>543</ymax>
            </bndbox>
        </object>
        <object>
            <name>plane</name>
            <pose>Unspecified</pose>
            <truncated>0</truncated>
            <difficult>0</difficult>
            <bndbox>
                <xmin>603</xmin>
                <ymin>268</ymin>
                <xmax>700</xmax>
                <ymax>365</ymax>
            </bndbox>
        </object>
        <object>
            <name>plane</name>
            <pose>Unspecified</pose>
            <truncated>0</truncated>
            <difficult>0</difficult>
            <bndbox>
                <xmin>483</xmin>
                <ymin>517</ymin>
                <xmax>538</xmax>
                <ymax>571</ymax>
            </bndbox>
        </object>
        <object>
            <name>plane</name>
            <pose>Unspecified</pose>
            <truncated>0</truncated>
            <difficult>0</difficult>
            <bndbox>
                <xmin>234</xmin>
                <ymin>565</ymin>
                <xmax>319</xmax>
                <ymax>650</ymax>
            </bndbox>
        </object>
        <object>
            <name>plane</name>
            <pose>Unspecified</pose>
            <truncated>0</truncated>
            <difficult>0</difficult>
            <bndbox>
                <xmin>552</xmin>
                <ymin>219</ymin>
                <xmax>590</xmax>
                <ymax>258</ymax>
            </bndbox>
        </object>
        <object>
            <name>plane</name>
            <pose>Unspecified</pose>
            <truncated>0</truncated>
            <difficult>0</difficult>
            <bndbox>
                <xmin>275</xmin>
                <ymin>295</ymin>
                <xmax>350</xmax>
                <ymax>370</ymax>
            </bndbox>
        </object>
        <object>
            <name>plane</name>
            <pose>Unspecified</pose>
            <truncated>0</truncated>
            <difficult>0</difficult>
            <bndbox>
                <xmin>879</xmin>
                <ymin>410</ymin>
                <xmax>923</xmax>
                <ymax>454</ymax>
            </bndbox>
        </object>
        
    </annotation>
    