
    <annotation>
        <folder>Python Fun</folder>
        <filename>img45.jpg</filename>
        <path>C:\Users\rober\Documents\Python Fun\plane.jpg</path>
        <source>
            <database>Unknown</database>
        </source>
        <size>
            <width>1000</width>
            <height>700</height>
            <depth>3</depth>
        </size>
        <segmented>0</segmented>
        
        <object>
            <name>plane</name>
            <pose>Unspecified</pose>
            <truncated>0</truncated>
            <difficult>0</difficult>
            <bndbox>
                <xmin>486</xmin>
                <ymin>357</ymin>
                <xmax>568</xmax>
                <ymax>445</ymax>
            </bndbox>
        </object>
        <object>
            <name>plane</name>
            <pose>Unspecified</pose>
            <truncated>0</truncated>
            <difficult>0</difficult>
            <bndbox>
                <xmin>607</xmin>
                <ymin>312</ymin>
                <xmax>681</xmax>
                <ymax>390</ymax>
            </bndbox>
        </object>
        <object>
            <name>plane</name>
            <pose>Unspecified</pose>
            <truncated>0</truncated>
            <difficult>0</difficult>
            <bndbox>
                <xmin>661</xmin>
                <ymin>285</ymin>
                <xmax>714</xmax>
                <ymax>341</ymax>
            </bndbox>
        </object>
        <object>
            <name>plane</name>
            <pose>Unspecified</pose>
            <truncated>0</truncated>
            <difficult>0</difficult>
            <bndbox>
                <xmin>142</xmin>
                <ymin>168</ymin>
                <xmax>230</xmax>
                <ymax>253</ymax>
            </bndbox>
        </object>
        <object>
            <name>plane</name>
            <pose>Unspecified</pose>
            <truncated>0</truncated>
            <difficult>0</difficult>
            <bndbox>
                <xmin>393</xmin>
                <ymin>104</ymin>
                <xmax>474</xmax>
                <ymax>180</ymax>
            </bndbox>
        </object>
        <object>
            <name>plane</name>
            <pose>Unspecified</pose>
            <truncated>0</truncated>
            <difficult>0</difficult>
            <bndbox>
                <xmin>74</xmin>
                <ymin>175</ymin>
                <xmax>136</xmax>
                <ymax>235</ymax>
            </bndbox>
        </object>
        <object>
            <name>plane</name>
            <pose>Unspecified</pose>
            <truncated>0</truncated>
            <difficult>0</difficult>
            <bndbox>
                <xmin>516</xmin>
                <ymin>477</ymin>
                <xmax>584</xmax>
                <ymax>540</ymax>
            </bndbox>
        </object>
        <object>
            <name>plane</name>
            <pose>Unspecified</pose>
            <truncated>0</truncated>
            <difficult>0</difficult>
            <bndbox>
                <xmin>561</xmin>
                <ymin>601</ymin>
                <xmax>603</xmax>
                <ymax>642</ymax>
            </bndbox>
        </object>
        <object>
            <name>plane</name>
            <pose>Unspecified</pose>
            <truncated>0</truncated>
            <difficult>0</difficult>
            <bndbox>
                <xmin>855</xmin>
                <ymin>362</ymin>
                <xmax>902</xmax>
                <ymax>408</ymax>
            </bndbox>
        </object>
        <object>
            <name>plane</name>
            <pose>Unspecified</pose>
            <truncated>0</truncated>
            <difficult>0</difficult>
            <bndbox>
                <xmin>435</xmin>
                <ymin>366</ymin>
                <xmax>507</xmax>
                <ymax>434</ymax>
            </bndbox>
        </object>
        
    </annotation>
    