
    <annotation>
        <folder>Python Fun</folder>
        <filename>img54.jpg</filename>
        <path>C:\Users\rober\Documents\Python Fun\plane.jpg</path>
        <source>
            <database>Unknown</database>
        </source>
        <size>
            <width>1000</width>
            <height>700</height>
            <depth>3</depth>
        </size>
        <segmented>0</segmented>
        
        <object>
            <name>plane</name>
            <pose>Unspecified</pose>
            <truncated>0</truncated>
            <difficult>0</difficult>
            <bndbox>
                <xmin>284</xmin>
                <ymin>469</ymin>
                <xmax>327</xmax>
                <ymax>511</ymax>
            </bndbox>
        </object>
        <object>
            <name>plane</name>
            <pose>Unspecified</pose>
            <truncated>0</truncated>
            <difficult>0</difficult>
            <bndbox>
                <xmin>816</xmin>
                <ymin>63</ymin>
                <xmax>868</xmax>
                <ymax>119</ymax>
            </bndbox>
        </object>
        <object>
            <name>plane</name>
            <pose>Unspecified</pose>
            <truncated>0</truncated>
            <difficult>0</difficult>
            <bndbox>
                <xmin>840</xmin>
                <ymin>84</ymin>
                <xmax>896</xmax>
                <ymax>145</ymax>
            </bndbox>
        </object>
        
    </annotation>
    