
    <annotation>
        <folder>Python Fun</folder>
        <filename>img51.jpg</filename>
        <path>C:\Users\rober\Documents\Python Fun\plane.jpg</path>
        <source>
            <database>Unknown</database>
        </source>
        <size>
            <width>1000</width>
            <height>700</height>
            <depth>3</depth>
        </size>
        <segmented>0</segmented>
        
        <object>
            <name>plane</name>
            <pose>Unspecified</pose>
            <truncated>0</truncated>
            <difficult>0</difficult>
            <bndbox>
                <xmin>201</xmin>
                <ymin>600</ymin>
                <xmax>262</xmax>
                <ymax>660</ymax>
            </bndbox>
        </object>
        <object>
            <name>plane</name>
            <pose>Unspecified</pose>
            <truncated>0</truncated>
            <difficult>0</difficult>
            <bndbox>
                <xmin>284</xmin>
                <ymin>288</ymin>
                <xmax>327</xmax>
                <ymax>331</ymax>
            </bndbox>
        </object>
        <object>
            <name>plane</name>
            <pose>Unspecified</pose>
            <truncated>0</truncated>
            <difficult>0</difficult>
            <bndbox>
                <xmin>235</xmin>
                <ymin>108</ymin>
                <xmax>284</xmax>
                <ymax>157</ymax>
            </bndbox>
        </object>
        <object>
            <name>plane</name>
            <pose>Unspecified</pose>
            <truncated>0</truncated>
            <difficult>0</difficult>
            <bndbox>
                <xmin>257</xmin>
                <ymin>239</ymin>
                <xmax>322</xmax>
                <ymax>302</ymax>
            </bndbox>
        </object>
        <object>
            <name>plane</name>
            <pose>Unspecified</pose>
            <truncated>0</truncated>
            <difficult>0</difficult>
            <bndbox>
                <xmin>173</xmin>
                <ymin>439</ymin>
                <xmax>278</xmax>
                <ymax>545</ymax>
            </bndbox>
        </object>
        <object>
            <name>plane</name>
            <pose>Unspecified</pose>
            <truncated>0</truncated>
            <difficult>0</difficult>
            <bndbox>
                <xmin>782</xmin>
                <ymin>153</ymin>
                <xmax>877</xmax>
                <ymax>250</ymax>
            </bndbox>
        </object>
        <object>
            <name>plane</name>
            <pose>Unspecified</pose>
            <truncated>0</truncated>
            <difficult>0</difficult>
            <bndbox>
                <xmin>615</xmin>
                <ymin>32</ymin>
                <xmax>709</xmax>
                <ymax>127</ymax>
            </bndbox>
        </object>
        <object>
            <name>plane</name>
            <pose>Unspecified</pose>
            <truncated>0</truncated>
            <difficult>0</difficult>
            <bndbox>
                <xmin>37</xmin>
                <ymin>256</ymin>
                <xmax>108</xmax>
                <ymax>330</ymax>
            </bndbox>
        </object>
        <object>
            <name>plane</name>
            <pose>Unspecified</pose>
            <truncated>0</truncated>
            <difficult>0</difficult>
            <bndbox>
                <xmin>597</xmin>
                <ymin>81</ymin>
                <xmax>682</xmax>
                <ymax>167</ymax>
            </bndbox>
        </object>
        <object>
            <name>plane</name>
            <pose>Unspecified</pose>
            <truncated>0</truncated>
            <difficult>0</difficult>
            <bndbox>
                <xmin>439</xmin>
                <ymin>215</ymin>
                <xmax>481</xmax>
                <ymax>254</ymax>
            </bndbox>
        </object>
        <object>
            <name>plane</name>
            <pose>Unspecified</pose>
            <truncated>0</truncated>
            <difficult>0</difficult>
            <bndbox>
                <xmin>107</xmin>
                <ymin>42</ymin>
                <xmax>150</xmax>
                <ymax>87</ymax>
            </bndbox>
        </object>
        <object>
            <name>plane</name>
            <pose>Unspecified</pose>
            <truncated>0</truncated>
            <difficult>0</difficult>
            <bndbox>
                <xmin>447</xmin>
                <ymin>268</ymin>
                <xmax>545</xmax>
                <ymax>365</ymax>
            </bndbox>
        </object>
        <object>
            <name>plane</name>
            <pose>Unspecified</pose>
            <truncated>0</truncated>
            <difficult>0</difficult>
            <bndbox>
                <xmin>402</xmin>
                <ymin>72</ymin>
                <xmax>469</xmax>
                <ymax>138</ymax>
            </bndbox>
        </object>
        <object>
            <name>plane</name>
            <pose>Unspecified</pose>
            <truncated>0</truncated>
            <difficult>0</difficult>
            <bndbox>
                <xmin>781</xmin>
                <ymin>419</ymin>
                <xmax>830</xmax>
                <ymax>469</ymax>
            </bndbox>
        </object>
        
    </annotation>
    