
    <annotation>
        <folder>Python Fun</folder>
        <filename>img52.jpg</filename>
        <path>C:\Users\rober\Documents\Python Fun\plane.jpg</path>
        <source>
            <database>Unknown</database>
        </source>
        <size>
            <width>1000</width>
            <height>700</height>
            <depth>3</depth>
        </size>
        <segmented>0</segmented>
        
        <object>
            <name>plane</name>
            <pose>Unspecified</pose>
            <truncated>0</truncated>
            <difficult>0</difficult>
            <bndbox>
                <xmin>576</xmin>
                <ymin>142</ymin>
                <xmax>656</xmax>
                <ymax>220</ymax>
            </bndbox>
        </object>
        <object>
            <name>plane</name>
            <pose>Unspecified</pose>
            <truncated>0</truncated>
            <difficult>0</difficult>
            <bndbox>
                <xmin>606</xmin>
                <ymin>496</ymin>
                <xmax>650</xmax>
                <ymax>542</ymax>
            </bndbox>
        </object>
        <object>
            <name>plane</name>
            <pose>Unspecified</pose>
            <truncated>0</truncated>
            <difficult>0</difficult>
            <bndbox>
                <xmin>524</xmin>
                <ymin>544</ymin>
                <xmax>622</xmax>
                <ymax>643</ymax>
            </bndbox>
        </object>
        <object>
            <name>plane</name>
            <pose>Unspecified</pose>
            <truncated>0</truncated>
            <difficult>0</difficult>
            <bndbox>
                <xmin>865</xmin>
                <ymin>443</ymin>
                <xmax>925</xmax>
                <ymax>501</ymax>
            </bndbox>
        </object>
        <object>
            <name>plane</name>
            <pose>Unspecified</pose>
            <truncated>0</truncated>
            <difficult>0</difficult>
            <bndbox>
                <xmin>761</xmin>
                <ymin>607</ymin>
                <xmax>821</xmax>
                <ymax>663</ymax>
            </bndbox>
        </object>
        <object>
            <name>plane</name>
            <pose>Unspecified</pose>
            <truncated>0</truncated>
            <difficult>0</difficult>
            <bndbox>
                <xmin>521</xmin>
                <ymin>209</ymin>
                <xmax>605</xmax>
                <ymax>296</ymax>
            </bndbox>
        </object>
        <object>
            <name>plane</name>
            <pose>Unspecified</pose>
            <truncated>0</truncated>
            <difficult>0</difficult>
            <bndbox>
                <xmin>733</xmin>
                <ymin>270</ymin>
                <xmax>810</xmax>
                <ymax>353</ymax>
            </bndbox>
        </object>
        <object>
            <name>plane</name>
            <pose>Unspecified</pose>
            <truncated>0</truncated>
            <difficult>0</difficult>
            <bndbox>
                <xmin>453</xmin>
                <ymin>573</ymin>
                <xmax>525</xmax>
                <ymax>642</ymax>
            </bndbox>
        </object>
        <object>
            <name>plane</name>
            <pose>Unspecified</pose>
            <truncated>0</truncated>
            <difficult>0</difficult>
            <bndbox>
                <xmin>775</xmin>
                <ymin>196</ymin>
                <xmax>848</xmax>
                <ymax>274</ymax>
            </bndbox>
        </object>
        <object>
            <name>plane</name>
            <pose>Unspecified</pose>
            <truncated>0</truncated>
            <difficult>0</difficult>
            <bndbox>
                <xmin>548</xmin>
                <ymin>354</ymin>
                <xmax>607</xmax>
                <ymax>410</ymax>
            </bndbox>
        </object>
        
    </annotation>
    