
    <annotation>
        <folder>Python Fun</folder>
        <filename>img57.jpg</filename>
        <path>C:\Users\rober\Documents\Python Fun\plane.jpg</path>
        <source>
            <database>Unknown</database>
        </source>
        <size>
            <width>1000</width>
            <height>700</height>
            <depth>3</depth>
        </size>
        <segmented>0</segmented>
        
        <object>
            <name>plane</name>
            <pose>Unspecified</pose>
            <truncated>0</truncated>
            <difficult>0</difficult>
            <bndbox>
                <xmin>411</xmin>
                <ymin>72</ymin>
                <xmax>463</xmax>
                <ymax>127</ymax>
            </bndbox>
        </object>
        <object>
            <name>plane</name>
            <pose>Unspecified</pose>
            <truncated>0</truncated>
            <difficult>0</difficult>
            <bndbox>
                <xmin>277</xmin>
                <ymin>302</ymin>
                <xmax>361</xmax>
                <ymax>383</ymax>
            </bndbox>
        </object>
        <object>
            <name>plane</name>
            <pose>Unspecified</pose>
            <truncated>0</truncated>
            <difficult>0</difficult>
            <bndbox>
                <xmin>96</xmin>
                <ymin>577</ymin>
                <xmax>145</xmax>
                <ymax>626</ymax>
            </bndbox>
        </object>
        <object>
            <name>plane</name>
            <pose>Unspecified</pose>
            <truncated>0</truncated>
            <difficult>0</difficult>
            <bndbox>
                <xmin>478</xmin>
                <ymin>287</ymin>
                <xmax>534</xmax>
                <ymax>341</ymax>
            </bndbox>
        </object>
        <object>
            <name>plane</name>
            <pose>Unspecified</pose>
            <truncated>0</truncated>
            <difficult>0</difficult>
            <bndbox>
                <xmin>879</xmin>
                <ymin>555</ymin>
                <xmax>960</xmax>
                <ymax>636</ymax>
            </bndbox>
        </object>
        
    </annotation>
    