
    <annotation>
        <folder>Python Fun</folder>
        <filename>img50.jpg</filename>
        <path>C:\Users\rober\Documents\Python Fun\plane.jpg</path>
        <source>
            <database>Unknown</database>
        </source>
        <size>
            <width>1000</width>
            <height>700</height>
            <depth>3</depth>
        </size>
        <segmented>0</segmented>
        
        <object>
            <name>plane</name>
            <pose>Unspecified</pose>
            <truncated>0</truncated>
            <difficult>0</difficult>
            <bndbox>
                <xmin>292</xmin>
                <ymin>410</ymin>
                <xmax>334</xmax>
                <ymax>453</ymax>
            </bndbox>
        </object>
        <object>
            <name>plane</name>
            <pose>Unspecified</pose>
            <truncated>0</truncated>
            <difficult>0</difficult>
            <bndbox>
                <xmin>454</xmin>
                <ymin>461</ymin>
                <xmax>512</xmax>
                <ymax>525</ymax>
            </bndbox>
        </object>
        <object>
            <name>plane</name>
            <pose>Unspecified</pose>
            <truncated>0</truncated>
            <difficult>0</difficult>
            <bndbox>
                <xmin>323</xmin>
                <ymin>267</ymin>
                <xmax>361</xmax>
                <ymax>303</ymax>
            </bndbox>
        </object>
        <object>
            <name>plane</name>
            <pose>Unspecified</pose>
            <truncated>0</truncated>
            <difficult>0</difficult>
            <bndbox>
                <xmin>872</xmin>
                <ymin>84</ymin>
                <xmax>963</xmax>
                <ymax>173</ymax>
            </bndbox>
        </object>
        <object>
            <name>plane</name>
            <pose>Unspecified</pose>
            <truncated>0</truncated>
            <difficult>0</difficult>
            <bndbox>
                <xmin>702</xmin>
                <ymin>437</ymin>
                <xmax>790</xmax>
                <ymax>529</ymax>
            </bndbox>
        </object>
        <object>
            <name>plane</name>
            <pose>Unspecified</pose>
            <truncated>0</truncated>
            <difficult>0</difficult>
            <bndbox>
                <xmin>204</xmin>
                <ymin>229</ymin>
                <xmax>287</xmax>
                <ymax>305</ymax>
            </bndbox>
        </object>
        <object>
            <name>plane</name>
            <pose>Unspecified</pose>
            <truncated>0</truncated>
            <difficult>0</difficult>
            <bndbox>
                <xmin>549</xmin>
                <ymin>204</ymin>
                <xmax>640</xmax>
                <ymax>295</ymax>
            </bndbox>
        </object>
        
    </annotation>
    