
    <annotation>
        <folder>Python Fun</folder>
        <filename>img5.jpg</filename>
        <path>C:\Users\rober\Documents\Python Fun\plane.jpg</path>
        <source>
            <database>Unknown</database>
        </source>
        <size>
            <width>1000</width>
            <height>700</height>
            <depth>3</depth>
        </size>
        <segmented>0</segmented>
        
        <object>
            <name>plane</name>
            <pose>Unspecified</pose>
            <truncated>0</truncated>
            <difficult>0</difficult>
            <bndbox>
                <xmin>430</xmin>
                <ymin>227</ymin>
                <xmax>516</xmax>
                <ymax>313</ymax>
            </bndbox>
        </object>
        <object>
            <name>plane</name>
            <pose>Unspecified</pose>
            <truncated>0</truncated>
            <difficult>0</difficult>
            <bndbox>
                <xmin>522</xmin>
                <ymin>370</ymin>
                <xmax>613</xmax>
                <ymax>452</ymax>
            </bndbox>
        </object>
        <object>
            <name>plane</name>
            <pose>Unspecified</pose>
            <truncated>0</truncated>
            <difficult>0</difficult>
            <bndbox>
                <xmin>758</xmin>
                <ymin>192</ymin>
                <xmax>822</xmax>
                <ymax>260</ymax>
            </bndbox>
        </object>
        <object>
            <name>plane</name>
            <pose>Unspecified</pose>
            <truncated>0</truncated>
            <difficult>0</difficult>
            <bndbox>
                <xmin>69</xmin>
                <ymin>52</ymin>
                <xmax>153</xmax>
                <ymax>142</ymax>
            </bndbox>
        </object>
        <object>
            <name>plane</name>
            <pose>Unspecified</pose>
            <truncated>0</truncated>
            <difficult>0</difficult>
            <bndbox>
                <xmin>197</xmin>
                <ymin>141</ymin>
                <xmax>280</xmax>
                <ymax>218</ymax>
            </bndbox>
        </object>
        <object>
            <name>plane</name>
            <pose>Unspecified</pose>
            <truncated>0</truncated>
            <difficult>0</difficult>
            <bndbox>
                <xmin>117</xmin>
                <ymin>477</ymin>
                <xmax>162</xmax>
                <ymax>522</ymax>
            </bndbox>
        </object>
        <object>
            <name>plane</name>
            <pose>Unspecified</pose>
            <truncated>0</truncated>
            <difficult>0</difficult>
            <bndbox>
                <xmin>82</xmin>
                <ymin>45</ymin>
                <xmax>165</xmax>
                <ymax>127</ymax>
            </bndbox>
        </object>
        <object>
            <name>plane</name>
            <pose>Unspecified</pose>
            <truncated>0</truncated>
            <difficult>0</difficult>
            <bndbox>
                <xmin>646</xmin>
                <ymin>557</ymin>
                <xmax>696</xmax>
                <ymax>601</ymax>
            </bndbox>
        </object>
        <object>
            <name>plane</name>
            <pose>Unspecified</pose>
            <truncated>0</truncated>
            <difficult>0</difficult>
            <bndbox>
                <xmin>321</xmin>
                <ymin>481</ymin>
                <xmax>387</xmax>
                <ymax>547</ymax>
            </bndbox>
        </object>
        <object>
            <name>plane</name>
            <pose>Unspecified</pose>
            <truncated>0</truncated>
            <difficult>0</difficult>
            <bndbox>
                <xmin>701</xmin>
                <ymin>76</ymin>
                <xmax>773</xmax>
                <ymax>156</ymax>
            </bndbox>
        </object>
        <object>
            <name>plane</name>
            <pose>Unspecified</pose>
            <truncated>0</truncated>
            <difficult>0</difficult>
            <bndbox>
                <xmin>496</xmin>
                <ymin>57</ymin>
                <xmax>572</xmax>
                <ymax>137</ymax>
            </bndbox>
        </object>
        <object>
            <name>plane</name>
            <pose>Unspecified</pose>
            <truncated>0</truncated>
            <difficult>0</difficult>
            <bndbox>
                <xmin>200</xmin>
                <ymin>284</ymin>
                <xmax>229</xmax>
                <ymax>314</ymax>
            </bndbox>
        </object>
        <object>
            <name>plane</name>
            <pose>Unspecified</pose>
            <truncated>0</truncated>
            <difficult>0</difficult>
            <bndbox>
                <xmin>710</xmin>
                <ymin>351</ymin>
                <xmax>812</xmax>
                <ymax>454</ymax>
            </bndbox>
        </object>
        <object>
            <name>plane</name>
            <pose>Unspecified</pose>
            <truncated>0</truncated>
            <difficult>0</difficult>
            <bndbox>
                <xmin>578</xmin>
                <ymin>96</ymin>
                <xmax>639</xmax>
                <ymax>157</ymax>
            </bndbox>
        </object>
        <object>
            <name>plane</name>
            <pose>Unspecified</pose>
            <truncated>0</truncated>
            <difficult>0</difficult>
            <bndbox>
                <xmin>844</xmin>
                <ymin>504</ymin>
                <xmax>943</xmax>
                <ymax>605</ymax>
            </bndbox>
        </object>
        
    </annotation>
    