
    <annotation>
        <folder>Python Fun</folder>
        <filename>img56.jpg</filename>
        <path>C:\Users\rober\Documents\Python Fun\plane.jpg</path>
        <source>
            <database>Unknown</database>
        </source>
        <size>
            <width>1000</width>
            <height>700</height>
            <depth>3</depth>
        </size>
        <segmented>0</segmented>
        
        <object>
            <name>plane</name>
            <pose>Unspecified</pose>
            <truncated>0</truncated>
            <difficult>0</difficult>
            <bndbox>
                <xmin>844</xmin>
                <ymin>417</ymin>
                <xmax>899</xmax>
                <ymax>470</ymax>
            </bndbox>
        </object>
        <object>
            <name>plane</name>
            <pose>Unspecified</pose>
            <truncated>0</truncated>
            <difficult>0</difficult>
            <bndbox>
                <xmin>136</xmin>
                <ymin>339</ymin>
                <xmax>188</xmax>
                <ymax>388</ymax>
            </bndbox>
        </object>
        <object>
            <name>plane</name>
            <pose>Unspecified</pose>
            <truncated>0</truncated>
            <difficult>0</difficult>
            <bndbox>
                <xmin>194</xmin>
                <ymin>103</ymin>
                <xmax>235</xmax>
                <ymax>140</ymax>
            </bndbox>
        </object>
        <object>
            <name>plane</name>
            <pose>Unspecified</pose>
            <truncated>0</truncated>
            <difficult>0</difficult>
            <bndbox>
                <xmin>731</xmin>
                <ymin>550</ymin>
                <xmax>766</xmax>
                <ymax>587</ymax>
            </bndbox>
        </object>
        <object>
            <name>plane</name>
            <pose>Unspecified</pose>
            <truncated>0</truncated>
            <difficult>0</difficult>
            <bndbox>
                <xmin>201</xmin>
                <ymin>21</ymin>
                <xmax>303</xmax>
                <ymax>124</ymax>
            </bndbox>
        </object>
        <object>
            <name>plane</name>
            <pose>Unspecified</pose>
            <truncated>0</truncated>
            <difficult>0</difficult>
            <bndbox>
                <xmin>90</xmin>
                <ymin>331</ymin>
                <xmax>156</xmax>
                <ymax>399</ymax>
            </bndbox>
        </object>
        <object>
            <name>plane</name>
            <pose>Unspecified</pose>
            <truncated>0</truncated>
            <difficult>0</difficult>
            <bndbox>
                <xmin>573</xmin>
                <ymin>295</ymin>
                <xmax>630</xmax>
                <ymax>354</ymax>
            </bndbox>
        </object>
        <object>
            <name>plane</name>
            <pose>Unspecified</pose>
            <truncated>0</truncated>
            <difficult>0</difficult>
            <bndbox>
                <xmin>393</xmin>
                <ymin>233</ymin>
                <xmax>468</xmax>
                <ymax>307</ymax>
            </bndbox>
        </object>
        <object>
            <name>plane</name>
            <pose>Unspecified</pose>
            <truncated>0</truncated>
            <difficult>0</difficult>
            <bndbox>
                <xmin>42</xmin>
                <ymin>542</ymin>
                <xmax>98</xmax>
                <ymax>594</ymax>
            </bndbox>
        </object>
        <object>
            <name>plane</name>
            <pose>Unspecified</pose>
            <truncated>0</truncated>
            <difficult>0</difficult>
            <bndbox>
                <xmin>635</xmin>
                <ymin>550</ymin>
                <xmax>715</xmax>
                <ymax>633</ymax>
            </bndbox>
        </object>
        <object>
            <name>plane</name>
            <pose>Unspecified</pose>
            <truncated>0</truncated>
            <difficult>0</difficult>
            <bndbox>
                <xmin>204</xmin>
                <ymin>150</ymin>
                <xmax>250</xmax>
                <ymax>196</ymax>
            </bndbox>
        </object>
        <object>
            <name>plane</name>
            <pose>Unspecified</pose>
            <truncated>0</truncated>
            <difficult>0</difficult>
            <bndbox>
                <xmin>389</xmin>
                <ymin>389</ymin>
                <xmax>448</xmax>
                <ymax>449</ymax>
            </bndbox>
        </object>
        <object>
            <name>plane</name>
            <pose>Unspecified</pose>
            <truncated>0</truncated>
            <difficult>0</difficult>
            <bndbox>
                <xmin>550</xmin>
                <ymin>167</ymin>
                <xmax>659</xmax>
                <ymax>275</ymax>
            </bndbox>
        </object>
        <object>
            <name>plane</name>
            <pose>Unspecified</pose>
            <truncated>0</truncated>
            <difficult>0</difficult>
            <bndbox>
                <xmin>357</xmin>
                <ymin>58</ymin>
                <xmax>419</xmax>
                <ymax>121</ymax>
            </bndbox>
        </object>
        
    </annotation>
    