
    <annotation>
        <folder>Python Fun</folder>
        <filename>img53.jpg</filename>
        <path>C:\Users\rober\Documents\Python Fun\plane.jpg</path>
        <source>
            <database>Unknown</database>
        </source>
        <size>
            <width>1000</width>
            <height>700</height>
            <depth>3</depth>
        </size>
        <segmented>0</segmented>
        
        <object>
            <name>plane</name>
            <pose>Unspecified</pose>
            <truncated>0</truncated>
            <difficult>0</difficult>
            <bndbox>
                <xmin>317</xmin>
                <ymin>454</ymin>
                <xmax>360</xmax>
                <ymax>498</ymax>
            </bndbox>
        </object>
        <object>
            <name>plane</name>
            <pose>Unspecified</pose>
            <truncated>0</truncated>
            <difficult>0</difficult>
            <bndbox>
                <xmin>519</xmin>
                <ymin>398</ymin>
                <xmax>572</xmax>
                <ymax>451</ymax>
            </bndbox>
        </object>
        <object>
            <name>plane</name>
            <pose>Unspecified</pose>
            <truncated>0</truncated>
            <difficult>0</difficult>
            <bndbox>
                <xmin>252</xmin>
                <ymin>525</ymin>
                <xmax>300</xmax>
                <ymax>574</ymax>
            </bndbox>
        </object>
        <object>
            <name>plane</name>
            <pose>Unspecified</pose>
            <truncated>0</truncated>
            <difficult>0</difficult>
            <bndbox>
                <xmin>211</xmin>
                <ymin>369</ymin>
                <xmax>254</xmax>
                <ymax>412</ymax>
            </bndbox>
        </object>
        <object>
            <name>plane</name>
            <pose>Unspecified</pose>
            <truncated>0</truncated>
            <difficult>0</difficult>
            <bndbox>
                <xmin>618</xmin>
                <ymin>226</ymin>
                <xmax>664</xmax>
                <ymax>272</ymax>
            </bndbox>
        </object>
        <object>
            <name>plane</name>
            <pose>Unspecified</pose>
            <truncated>0</truncated>
            <difficult>0</difficult>
            <bndbox>
                <xmin>172</xmin>
                <ymin>301</ymin>
                <xmax>259</xmax>
                <ymax>383</ymax>
            </bndbox>
        </object>
        <object>
            <name>plane</name>
            <pose>Unspecified</pose>
            <truncated>0</truncated>
            <difficult>0</difficult>
            <bndbox>
                <xmin>117</xmin>
                <ymin>471</ymin>
                <xmax>209</xmax>
                <ymax>566</ymax>
            </bndbox>
        </object>
        <object>
            <name>plane</name>
            <pose>Unspecified</pose>
            <truncated>0</truncated>
            <difficult>0</difficult>
            <bndbox>
                <xmin>690</xmin>
                <ymin>495</ymin>
                <xmax>724</xmax>
                <ymax>527</ymax>
            </bndbox>
        </object>
        <object>
            <name>plane</name>
            <pose>Unspecified</pose>
            <truncated>0</truncated>
            <difficult>0</difficult>
            <bndbox>
                <xmin>164</xmin>
                <ymin>221</ymin>
                <xmax>243</xmax>
                <ymax>303</ymax>
            </bndbox>
        </object>
        <object>
            <name>plane</name>
            <pose>Unspecified</pose>
            <truncated>0</truncated>
            <difficult>0</difficult>
            <bndbox>
                <xmin>758</xmin>
                <ymin>160</ymin>
                <xmax>826</xmax>
                <ymax>226</ymax>
            </bndbox>
        </object>
        <object>
            <name>plane</name>
            <pose>Unspecified</pose>
            <truncated>0</truncated>
            <difficult>0</difficult>
            <bndbox>
                <xmin>282</xmin>
                <ymin>58</ymin>
                <xmax>323</xmax>
                <ymax>100</ymax>
            </bndbox>
        </object>
        
    </annotation>
    