
    <annotation>
        <folder>Python Fun</folder>
        <filename>img59.jpg</filename>
        <path>C:\Users\rober\Documents\Python Fun\plane.jpg</path>
        <source>
            <database>Unknown</database>
        </source>
        <size>
            <width>1000</width>
            <height>700</height>
            <depth>3</depth>
        </size>
        <segmented>0</segmented>
        
        <object>
            <name>plane</name>
            <pose>Unspecified</pose>
            <truncated>0</truncated>
            <difficult>0</difficult>
            <bndbox>
                <xmin>55</xmin>
                <ymin>281</ymin>
                <xmax>138</xmax>
                <ymax>365</ymax>
            </bndbox>
        </object>
        <object>
            <name>plane</name>
            <pose>Unspecified</pose>
            <truncated>0</truncated>
            <difficult>0</difficult>
            <bndbox>
                <xmin>244</xmin>
                <ymin>103</ymin>
                <xmax>286</xmax>
                <ymax>153</ymax>
            </bndbox>
        </object>
        <object>
            <name>plane</name>
            <pose>Unspecified</pose>
            <truncated>0</truncated>
            <difficult>0</difficult>
            <bndbox>
                <xmin>702</xmin>
                <ymin>565</ymin>
                <xmax>805</xmax>
                <ymax>668</ymax>
            </bndbox>
        </object>
        <object>
            <name>plane</name>
            <pose>Unspecified</pose>
            <truncated>0</truncated>
            <difficult>0</difficult>
            <bndbox>
                <xmin>495</xmin>
                <ymin>197</ymin>
                <xmax>551</xmax>
                <ymax>254</ymax>
            </bndbox>
        </object>
        <object>
            <name>plane</name>
            <pose>Unspecified</pose>
            <truncated>0</truncated>
            <difficult>0</difficult>
            <bndbox>
                <xmin>616</xmin>
                <ymin>154</ymin>
                <xmax>678</xmax>
                <ymax>219</ymax>
            </bndbox>
        </object>
        <object>
            <name>plane</name>
            <pose>Unspecified</pose>
            <truncated>0</truncated>
            <difficult>0</difficult>
            <bndbox>
                <xmin>885</xmin>
                <ymin>509</ymin>
                <xmax>928</xmax>
                <ymax>555</ymax>
            </bndbox>
        </object>
        <object>
            <name>plane</name>
            <pose>Unspecified</pose>
            <truncated>0</truncated>
            <difficult>0</difficult>
            <bndbox>
                <xmin>398</xmin>
                <ymin>478</ymin>
                <xmax>452</xmax>
                <ymax>533</ymax>
            </bndbox>
        </object>
        <object>
            <name>plane</name>
            <pose>Unspecified</pose>
            <truncated>0</truncated>
            <difficult>0</difficult>
            <bndbox>
                <xmin>790</xmin>
                <ymin>460</ymin>
                <xmax>829</xmax>
                <ymax>498</ymax>
            </bndbox>
        </object>
        <object>
            <name>plane</name>
            <pose>Unspecified</pose>
            <truncated>0</truncated>
            <difficult>0</difficult>
            <bndbox>
                <xmin>341</xmin>
                <ymin>605</ymin>
                <xmax>381</xmax>
                <ymax>647</ymax>
            </bndbox>
        </object>
        
    </annotation>
    