
    <annotation>
        <folder>Python Fun</folder>
        <filename>img58.jpg</filename>
        <path>C:\Users\rober\Documents\Python Fun\plane.jpg</path>
        <source>
            <database>Unknown</database>
        </source>
        <size>
            <width>1000</width>
            <height>700</height>
            <depth>3</depth>
        </size>
        <segmented>0</segmented>
        
        <object>
            <name>plane</name>
            <pose>Unspecified</pose>
            <truncated>0</truncated>
            <difficult>0</difficult>
            <bndbox>
                <xmin>396</xmin>
                <ymin>44</ymin>
                <xmax>483</xmax>
                <ymax>131</ymax>
            </bndbox>
        </object>
        <object>
            <name>plane</name>
            <pose>Unspecified</pose>
            <truncated>0</truncated>
            <difficult>0</difficult>
            <bndbox>
                <xmin>95</xmin>
                <ymin>422</ymin>
                <xmax>168</xmax>
                <ymax>494</ymax>
            </bndbox>
        </object>
        <object>
            <name>plane</name>
            <pose>Unspecified</pose>
            <truncated>0</truncated>
            <difficult>0</difficult>
            <bndbox>
                <xmin>61</xmin>
                <ymin>214</ymin>
                <xmax>114</xmax>
                <ymax>269</ymax>
            </bndbox>
        </object>
        <object>
            <name>plane</name>
            <pose>Unspecified</pose>
            <truncated>0</truncated>
            <difficult>0</difficult>
            <bndbox>
                <xmin>479</xmin>
                <ymin>336</ymin>
                <xmax>577</xmax>
                <ymax>433</ymax>
            </bndbox>
        </object>
        <object>
            <name>plane</name>
            <pose>Unspecified</pose>
            <truncated>0</truncated>
            <difficult>0</difficult>
            <bndbox>
                <xmin>195</xmin>
                <ymin>36</ymin>
                <xmax>263</xmax>
                <ymax>104</ymax>
            </bndbox>
        </object>
        <object>
            <name>plane</name>
            <pose>Unspecified</pose>
            <truncated>0</truncated>
            <difficult>0</difficult>
            <bndbox>
                <xmin>689</xmin>
                <ymin>534</ymin>
                <xmax>747</xmax>
                <ymax>594</ymax>
            </bndbox>
        </object>
        <object>
            <name>plane</name>
            <pose>Unspecified</pose>
            <truncated>0</truncated>
            <difficult>0</difficult>
            <bndbox>
                <xmin>529</xmin>
                <ymin>313</ymin>
                <xmax>611</xmax>
                <ymax>395</ymax>
            </bndbox>
        </object>
        <object>
            <name>plane</name>
            <pose>Unspecified</pose>
            <truncated>0</truncated>
            <difficult>0</difficult>
            <bndbox>
                <xmin>825</xmin>
                <ymin>371</ymin>
                <xmax>889</xmax>
                <ymax>432</ymax>
            </bndbox>
        </object>
        <object>
            <name>plane</name>
            <pose>Unspecified</pose>
            <truncated>0</truncated>
            <difficult>0</difficult>
            <bndbox>
                <xmin>667</xmin>
                <ymin>71</ymin>
                <xmax>731</xmax>
                <ymax>138</ymax>
            </bndbox>
        </object>
        <object>
            <name>plane</name>
            <pose>Unspecified</pose>
            <truncated>0</truncated>
            <difficult>0</difficult>
            <bndbox>
                <xmin>240</xmin>
                <ymin>149</ymin>
                <xmax>280</xmax>
                <ymax>188</ymax>
            </bndbox>
        </object>
        
    </annotation>
    