
    <annotation>
        <folder>Python Fun</folder>
        <filename>img61.jpg</filename>
        <path>C:\Users\rober\Documents\Python Fun\plane.jpg</path>
        <source>
            <database>Unknown</database>
        </source>
        <size>
            <width>1000</width>
            <height>700</height>
            <depth>3</depth>
        </size>
        <segmented>0</segmented>
        
        <object>
            <name>plane</name>
            <pose>Unspecified</pose>
            <truncated>0</truncated>
            <difficult>0</difficult>
            <bndbox>
                <xmin>49</xmin>
                <ymin>456</ymin>
                <xmax>129</xmax>
                <ymax>534</ymax>
            </bndbox>
        </object>
        <object>
            <name>plane</name>
            <pose>Unspecified</pose>
            <truncated>0</truncated>
            <difficult>0</difficult>
            <bndbox>
                <xmin>405</xmin>
                <ymin>560</ymin>
                <xmax>468</xmax>
                <ymax>625</ymax>
            </bndbox>
        </object>
        <object>
            <name>plane</name>
            <pose>Unspecified</pose>
            <truncated>0</truncated>
            <difficult>0</difficult>
            <bndbox>
                <xmin>533</xmin>
                <ymin>255</ymin>
                <xmax>607</xmax>
                <ymax>328</ymax>
            </bndbox>
        </object>
        <object>
            <name>plane</name>
            <pose>Unspecified</pose>
            <truncated>0</truncated>
            <difficult>0</difficult>
            <bndbox>
                <xmin>224</xmin>
                <ymin>226</ymin>
                <xmax>297</xmax>
                <ymax>302</ymax>
            </bndbox>
        </object>
        <object>
            <name>plane</name>
            <pose>Unspecified</pose>
            <truncated>0</truncated>
            <difficult>0</difficult>
            <bndbox>
                <xmin>128</xmin>
                <ymin>165</ymin>
                <xmax>224</xmax>
                <ymax>258</ymax>
            </bndbox>
        </object>
        <object>
            <name>plane</name>
            <pose>Unspecified</pose>
            <truncated>0</truncated>
            <difficult>0</difficult>
            <bndbox>
                <xmin>713</xmin>
                <ymin>60</ymin>
                <xmax>772</xmax>
                <ymax>121</ymax>
            </bndbox>
        </object>
        
    </annotation>
    