
    <annotation>
        <folder>Python Fun</folder>
        <filename>img66.jpg</filename>
        <path>C:\Users\rober\Documents\Python Fun\plane.jpg</path>
        <source>
            <database>Unknown</database>
        </source>
        <size>
            <width>1000</width>
            <height>700</height>
            <depth>3</depth>
        </size>
        <segmented>0</segmented>
        
        <object>
            <name>plane</name>
            <pose>Unspecified</pose>
            <truncated>0</truncated>
            <difficult>0</difficult>
            <bndbox>
                <xmin>68</xmin>
                <ymin>176</ymin>
                <xmax>131</xmax>
                <ymax>239</ymax>
            </bndbox>
        </object>
        <object>
            <name>plane</name>
            <pose>Unspecified</pose>
            <truncated>0</truncated>
            <difficult>0</difficult>
            <bndbox>
                <xmin>311</xmin>
                <ymin>473</ymin>
                <xmax>388</xmax>
                <ymax>555</ymax>
            </bndbox>
        </object>
        <object>
            <name>plane</name>
            <pose>Unspecified</pose>
            <truncated>0</truncated>
            <difficult>0</difficult>
            <bndbox>
                <xmin>49</xmin>
                <ymin>526</ymin>
                <xmax>101</xmax>
                <ymax>578</ymax>
            </bndbox>
        </object>
        <object>
            <name>plane</name>
            <pose>Unspecified</pose>
            <truncated>0</truncated>
            <difficult>0</difficult>
            <bndbox>
                <xmin>216</xmin>
                <ymin>557</ymin>
                <xmax>299</xmax>
                <ymax>634</ymax>
            </bndbox>
        </object>
        <object>
            <name>plane</name>
            <pose>Unspecified</pose>
            <truncated>0</truncated>
            <difficult>0</difficult>
            <bndbox>
                <xmin>882</xmin>
                <ymin>358</ymin>
                <xmax>945</xmax>
                <ymax>423</ymax>
            </bndbox>
        </object>
        <object>
            <name>plane</name>
            <pose>Unspecified</pose>
            <truncated>0</truncated>
            <difficult>0</difficult>
            <bndbox>
                <xmin>210</xmin>
                <ymin>196</ymin>
                <xmax>268</xmax>
                <ymax>260</ymax>
            </bndbox>
        </object>
        <object>
            <name>plane</name>
            <pose>Unspecified</pose>
            <truncated>0</truncated>
            <difficult>0</difficult>
            <bndbox>
                <xmin>804</xmin>
                <ymin>235</ymin>
                <xmax>861</xmax>
                <ymax>294</ymax>
            </bndbox>
        </object>
        <object>
            <name>plane</name>
            <pose>Unspecified</pose>
            <truncated>0</truncated>
            <difficult>0</difficult>
            <bndbox>
                <xmin>716</xmin>
                <ymin>234</ymin>
                <xmax>761</xmax>
                <ymax>280</ymax>
            </bndbox>
        </object>
        <object>
            <name>plane</name>
            <pose>Unspecified</pose>
            <truncated>0</truncated>
            <difficult>0</difficult>
            <bndbox>
                <xmin>676</xmin>
                <ymin>492</ymin>
                <xmax>777</xmax>
                <ymax>591</ymax>
            </bndbox>
        </object>
        <object>
            <name>plane</name>
            <pose>Unspecified</pose>
            <truncated>0</truncated>
            <difficult>0</difficult>
            <bndbox>
                <xmin>473</xmin>
                <ymin>263</ymin>
                <xmax>558</xmax>
                <ymax>346</ymax>
            </bndbox>
        </object>
        <object>
            <name>plane</name>
            <pose>Unspecified</pose>
            <truncated>0</truncated>
            <difficult>0</difficult>
            <bndbox>
                <xmin>461</xmin>
                <ymin>140</ymin>
                <xmax>524</xmax>
                <ymax>204</ymax>
            </bndbox>
        </object>
        <object>
            <name>plane</name>
            <pose>Unspecified</pose>
            <truncated>0</truncated>
            <difficult>0</difficult>
            <bndbox>
                <xmin>561</xmin>
                <ymin>508</ymin>
                <xmax>602</xmax>
                <ymax>550</ymax>
            </bndbox>
        </object>
        
    </annotation>
    