
    <annotation>
        <folder>Python Fun</folder>
        <filename>img64.jpg</filename>
        <path>C:\Users\rober\Documents\Python Fun\plane.jpg</path>
        <source>
            <database>Unknown</database>
        </source>
        <size>
            <width>1000</width>
            <height>700</height>
            <depth>3</depth>
        </size>
        <segmented>0</segmented>
        
        <object>
            <name>plane</name>
            <pose>Unspecified</pose>
            <truncated>0</truncated>
            <difficult>0</difficult>
            <bndbox>
                <xmin>412</xmin>
                <ymin>442</ymin>
                <xmax>475</xmax>
                <ymax>503</ymax>
            </bndbox>
        </object>
        <object>
            <name>plane</name>
            <pose>Unspecified</pose>
            <truncated>0</truncated>
            <difficult>0</difficult>
            <bndbox>
                <xmin>517</xmin>
                <ymin>49</ymin>
                <xmax>556</xmax>
                <ymax>85</ymax>
            </bndbox>
        </object>
        <object>
            <name>plane</name>
            <pose>Unspecified</pose>
            <truncated>0</truncated>
            <difficult>0</difficult>
            <bndbox>
                <xmin>54</xmin>
                <ymin>404</ymin>
                <xmax>103</xmax>
                <ymax>454</ymax>
            </bndbox>
        </object>
        <object>
            <name>plane</name>
            <pose>Unspecified</pose>
            <truncated>0</truncated>
            <difficult>0</difficult>
            <bndbox>
                <xmin>835</xmin>
                <ymin>54</ymin>
                <xmax>923</xmax>
                <ymax>142</ymax>
            </bndbox>
        </object>
        <object>
            <name>plane</name>
            <pose>Unspecified</pose>
            <truncated>0</truncated>
            <difficult>0</difficult>
            <bndbox>
                <xmin>641</xmin>
                <ymin>216</ymin>
                <xmax>691</xmax>
                <ymax>266</ymax>
            </bndbox>
        </object>
        <object>
            <name>plane</name>
            <pose>Unspecified</pose>
            <truncated>0</truncated>
            <difficult>0</difficult>
            <bndbox>
                <xmin>321</xmin>
                <ymin>373</ymin>
                <xmax>399</xmax>
                <ymax>453</ymax>
            </bndbox>
        </object>
        <object>
            <name>plane</name>
            <pose>Unspecified</pose>
            <truncated>0</truncated>
            <difficult>0</difficult>
            <bndbox>
                <xmin>101</xmin>
                <ymin>32</ymin>
                <xmax>179</xmax>
                <ymax>107</ymax>
            </bndbox>
        </object>
        <object>
            <name>plane</name>
            <pose>Unspecified</pose>
            <truncated>0</truncated>
            <difficult>0</difficult>
            <bndbox>
                <xmin>500</xmin>
                <ymin>593</ymin>
                <xmax>578</xmax>
                <ymax>674</ymax>
            </bndbox>
        </object>
        <object>
            <name>plane</name>
            <pose>Unspecified</pose>
            <truncated>0</truncated>
            <difficult>0</difficult>
            <bndbox>
                <xmin>703</xmin>
                <ymin>305</ymin>
                <xmax>788</xmax>
                <ymax>387</ymax>
            </bndbox>
        </object>
        <object>
            <name>plane</name>
            <pose>Unspecified</pose>
            <truncated>0</truncated>
            <difficult>0</difficult>
            <bndbox>
                <xmin>238</xmin>
                <ymin>276</ymin>
                <xmax>308</xmax>
                <ymax>349</ymax>
            </bndbox>
        </object>
        <object>
            <name>plane</name>
            <pose>Unspecified</pose>
            <truncated>0</truncated>
            <difficult>0</difficult>
            <bndbox>
                <xmin>36</xmin>
                <ymin>140</ymin>
                <xmax>110</xmax>
                <ymax>214</ymax>
            </bndbox>
        </object>
        <object>
            <name>plane</name>
            <pose>Unspecified</pose>
            <truncated>0</truncated>
            <difficult>0</difficult>
            <bndbox>
                <xmin>211</xmin>
                <ymin>94</ymin>
                <xmax>266</xmax>
                <ymax>148</ymax>
            </bndbox>
        </object>
        
    </annotation>
    