
    <annotation>
        <folder>Python Fun</folder>
        <filename>img65.jpg</filename>
        <path>C:\Users\rober\Documents\Python Fun\plane.jpg</path>
        <source>
            <database>Unknown</database>
        </source>
        <size>
            <width>1000</width>
            <height>700</height>
            <depth>3</depth>
        </size>
        <segmented>0</segmented>
        
        <object>
            <name>plane</name>
            <pose>Unspecified</pose>
            <truncated>0</truncated>
            <difficult>0</difficult>
            <bndbox>
                <xmin>579</xmin>
                <ymin>596</ymin>
                <xmax>618</xmax>
                <ymax>634</ymax>
            </bndbox>
        </object>
        <object>
            <name>plane</name>
            <pose>Unspecified</pose>
            <truncated>0</truncated>
            <difficult>0</difficult>
            <bndbox>
                <xmin>659</xmin>
                <ymin>113</ymin>
                <xmax>736</xmax>
                <ymax>193</ymax>
            </bndbox>
        </object>
        <object>
            <name>plane</name>
            <pose>Unspecified</pose>
            <truncated>0</truncated>
            <difficult>0</difficult>
            <bndbox>
                <xmin>128</xmin>
                <ymin>253</ymin>
                <xmax>188</xmax>
                <ymax>316</ymax>
            </bndbox>
        </object>
        <object>
            <name>plane</name>
            <pose>Unspecified</pose>
            <truncated>0</truncated>
            <difficult>0</difficult>
            <bndbox>
                <xmin>268</xmin>
                <ymin>113</ymin>
                <xmax>359</xmax>
                <ymax>205</ymax>
            </bndbox>
        </object>
        <object>
            <name>plane</name>
            <pose>Unspecified</pose>
            <truncated>0</truncated>
            <difficult>0</difficult>
            <bndbox>
                <xmin>766</xmin>
                <ymin>578</ymin>
                <xmax>817</xmax>
                <ymax>627</ymax>
            </bndbox>
        </object>
        <object>
            <name>plane</name>
            <pose>Unspecified</pose>
            <truncated>0</truncated>
            <difficult>0</difficult>
            <bndbox>
                <xmin>108</xmin>
                <ymin>411</ymin>
                <xmax>183</xmax>
                <ymax>481</ymax>
            </bndbox>
        </object>
        <object>
            <name>plane</name>
            <pose>Unspecified</pose>
            <truncated>0</truncated>
            <difficult>0</difficult>
            <bndbox>
                <xmin>567</xmin>
                <ymin>129</ymin>
                <xmax>635</xmax>
                <ymax>195</ymax>
            </bndbox>
        </object>
        <object>
            <name>plane</name>
            <pose>Unspecified</pose>
            <truncated>0</truncated>
            <difficult>0</difficult>
            <bndbox>
                <xmin>758</xmin>
                <ymin>230</ymin>
                <xmax>798</xmax>
                <ymax>267</ymax>
            </bndbox>
        </object>
        <object>
            <name>plane</name>
            <pose>Unspecified</pose>
            <truncated>0</truncated>
            <difficult>0</difficult>
            <bndbox>
                <xmin>436</xmin>
                <ymin>172</ymin>
                <xmax>510</xmax>
                <ymax>241</ymax>
            </bndbox>
        </object>
        
    </annotation>
    