
    <annotation>
        <folder>Python Fun</folder>
        <filename>img62.jpg</filename>
        <path>C:\Users\rober\Documents\Python Fun\plane.jpg</path>
        <source>
            <database>Unknown</database>
        </source>
        <size>
            <width>1000</width>
            <height>700</height>
            <depth>3</depth>
        </size>
        <segmented>0</segmented>
        
        <object>
            <name>plane</name>
            <pose>Unspecified</pose>
            <truncated>0</truncated>
            <difficult>0</difficult>
            <bndbox>
                <xmin>887</xmin>
                <ymin>336</ymin>
                <xmax>964</xmax>
                <ymax>418</ymax>
            </bndbox>
        </object>
        <object>
            <name>plane</name>
            <pose>Unspecified</pose>
            <truncated>0</truncated>
            <difficult>0</difficult>
            <bndbox>
                <xmin>418</xmin>
                <ymin>541</ymin>
                <xmax>478</xmax>
                <ymax>600</ymax>
            </bndbox>
        </object>
        <object>
            <name>plane</name>
            <pose>Unspecified</pose>
            <truncated>0</truncated>
            <difficult>0</difficult>
            <bndbox>
                <xmin>769</xmin>
                <ymin>338</ymin>
                <xmax>813</xmax>
                <ymax>382</ymax>
            </bndbox>
        </object>
        
    </annotation>
    