
    <annotation>
        <folder>Python Fun</folder>
        <filename>img68.jpg</filename>
        <path>C:\Users\rober\Documents\Python Fun\plane.jpg</path>
        <source>
            <database>Unknown</database>
        </source>
        <size>
            <width>1000</width>
            <height>700</height>
            <depth>3</depth>
        </size>
        <segmented>0</segmented>
        
        <object>
            <name>plane</name>
            <pose>Unspecified</pose>
            <truncated>0</truncated>
            <difficult>0</difficult>
            <bndbox>
                <xmin>56</xmin>
                <ymin>60</ymin>
                <xmax>146</xmax>
                <ymax>153</ymax>
            </bndbox>
        </object>
        <object>
            <name>plane</name>
            <pose>Unspecified</pose>
            <truncated>0</truncated>
            <difficult>0</difficult>
            <bndbox>
                <xmin>797</xmin>
                <ymin>372</ymin>
                <xmax>841</xmax>
                <ymax>417</ymax>
            </bndbox>
        </object>
        <object>
            <name>plane</name>
            <pose>Unspecified</pose>
            <truncated>0</truncated>
            <difficult>0</difficult>
            <bndbox>
                <xmin>836</xmin>
                <ymin>68</ymin>
                <xmax>897</xmax>
                <ymax>131</ymax>
            </bndbox>
        </object>
        <object>
            <name>plane</name>
            <pose>Unspecified</pose>
            <truncated>0</truncated>
            <difficult>0</difficult>
            <bndbox>
                <xmin>548</xmin>
                <ymin>64</ymin>
                <xmax>645</xmax>
                <ymax>158</ymax>
            </bndbox>
        </object>
        <object>
            <name>plane</name>
            <pose>Unspecified</pose>
            <truncated>0</truncated>
            <difficult>0</difficult>
            <bndbox>
                <xmin>595</xmin>
                <ymin>593</ymin>
                <xmax>642</xmax>
                <ymax>640</ymax>
            </bndbox>
        </object>
        <object>
            <name>plane</name>
            <pose>Unspecified</pose>
            <truncated>0</truncated>
            <difficult>0</difficult>
            <bndbox>
                <xmin>657</xmin>
                <ymin>157</ymin>
                <xmax>729</xmax>
                <ymax>232</ymax>
            </bndbox>
        </object>
        <object>
            <name>plane</name>
            <pose>Unspecified</pose>
            <truncated>0</truncated>
            <difficult>0</difficult>
            <bndbox>
                <xmin>408</xmin>
                <ymin>144</ymin>
                <xmax>445</xmax>
                <ymax>180</ymax>
            </bndbox>
        </object>
        <object>
            <name>plane</name>
            <pose>Unspecified</pose>
            <truncated>0</truncated>
            <difficult>0</difficult>
            <bndbox>
                <xmin>227</xmin>
                <ymin>344</ymin>
                <xmax>275</xmax>
                <ymax>396</ymax>
            </bndbox>
        </object>
        <object>
            <name>plane</name>
            <pose>Unspecified</pose>
            <truncated>0</truncated>
            <difficult>0</difficult>
            <bndbox>
                <xmin>581</xmin>
                <ymin>292</ymin>
                <xmax>611</xmax>
                <ymax>323</ymax>
            </bndbox>
        </object>
        <object>
            <name>plane</name>
            <pose>Unspecified</pose>
            <truncated>0</truncated>
            <difficult>0</difficult>
            <bndbox>
                <xmin>421</xmin>
                <ymin>274</ymin>
                <xmax>511</xmax>
                <ymax>366</ymax>
            </bndbox>
        </object>
        <object>
            <name>plane</name>
            <pose>Unspecified</pose>
            <truncated>0</truncated>
            <difficult>0</difficult>
            <bndbox>
                <xmin>331</xmin>
                <ymin>418</ymin>
                <xmax>404</xmax>
                <ymax>487</ymax>
            </bndbox>
        </object>
        <object>
            <name>plane</name>
            <pose>Unspecified</pose>
            <truncated>0</truncated>
            <difficult>0</difficult>
            <bndbox>
                <xmin>439</xmin>
                <ymin>450</ymin>
                <xmax>521</xmax>
                <ymax>527</ymax>
            </bndbox>
        </object>
        <object>
            <name>plane</name>
            <pose>Unspecified</pose>
            <truncated>0</truncated>
            <difficult>0</difficult>
            <bndbox>
                <xmin>416</xmin>
                <ymin>221</ymin>
                <xmax>512</xmax>
                <ymax>318</ymax>
            </bndbox>
        </object>
        <object>
            <name>plane</name>
            <pose>Unspecified</pose>
            <truncated>0</truncated>
            <difficult>0</difficult>
            <bndbox>
                <xmin>864</xmin>
                <ymin>570</ymin>
                <xmax>918</xmax>
                <ymax>625</ymax>
            </bndbox>
        </object>
        
    </annotation>
    