
    <annotation>
        <folder>Python Fun</folder>
        <filename>img6.jpg</filename>
        <path>C:\Users\rober\Documents\Python Fun\plane.jpg</path>
        <source>
            <database>Unknown</database>
        </source>
        <size>
            <width>1000</width>
            <height>700</height>
            <depth>3</depth>
        </size>
        <segmented>0</segmented>
        
        <object>
            <name>plane</name>
            <pose>Unspecified</pose>
            <truncated>0</truncated>
            <difficult>0</difficult>
            <bndbox>
                <xmin>388</xmin>
                <ymin>464</ymin>
                <xmax>475</xmax>
                <ymax>551</ymax>
            </bndbox>
        </object>
        <object>
            <name>plane</name>
            <pose>Unspecified</pose>
            <truncated>0</truncated>
            <difficult>0</difficult>
            <bndbox>
                <xmin>358</xmin>
                <ymin>580</ymin>
                <xmax>438</xmax>
                <ymax>655</ymax>
            </bndbox>
        </object>
        <object>
            <name>plane</name>
            <pose>Unspecified</pose>
            <truncated>0</truncated>
            <difficult>0</difficult>
            <bndbox>
                <xmin>41</xmin>
                <ymin>79</ymin>
                <xmax>133</xmax>
                <ymax>172</ymax>
            </bndbox>
        </object>
        <object>
            <name>plane</name>
            <pose>Unspecified</pose>
            <truncated>0</truncated>
            <difficult>0</difficult>
            <bndbox>
                <xmin>371</xmin>
                <ymin>364</ymin>
                <xmax>429</xmax>
                <ymax>419</ymax>
            </bndbox>
        </object>
        <object>
            <name>plane</name>
            <pose>Unspecified</pose>
            <truncated>0</truncated>
            <difficult>0</difficult>
            <bndbox>
                <xmin>636</xmin>
                <ymin>64</ymin>
                <xmax>713</xmax>
                <ymax>137</ymax>
            </bndbox>
        </object>
        <object>
            <name>plane</name>
            <pose>Unspecified</pose>
            <truncated>0</truncated>
            <difficult>0</difficult>
            <bndbox>
                <xmin>50</xmin>
                <ymin>538</ymin>
                <xmax>105</xmax>
                <ymax>591</ymax>
            </bndbox>
        </object>
        <object>
            <name>plane</name>
            <pose>Unspecified</pose>
            <truncated>0</truncated>
            <difficult>0</difficult>
            <bndbox>
                <xmin>107</xmin>
                <ymin>452</ymin>
                <xmax>191</xmax>
                <ymax>537</ymax>
            </bndbox>
        </object>
        <object>
            <name>plane</name>
            <pose>Unspecified</pose>
            <truncated>0</truncated>
            <difficult>0</difficult>
            <bndbox>
                <xmin>558</xmin>
                <ymin>559</ymin>
                <xmax>631</xmax>
                <ymax>634</ymax>
            </bndbox>
        </object>
        <object>
            <name>plane</name>
            <pose>Unspecified</pose>
            <truncated>0</truncated>
            <difficult>0</difficult>
            <bndbox>
                <xmin>72</xmin>
                <ymin>211</ymin>
                <xmax>130</xmax>
                <ymax>261</ymax>
            </bndbox>
        </object>
        <object>
            <name>plane</name>
            <pose>Unspecified</pose>
            <truncated>0</truncated>
            <difficult>0</difficult>
            <bndbox>
                <xmin>330</xmin>
                <ymin>46</ymin>
                <xmax>377</xmax>
                <ymax>95</ymax>
            </bndbox>
        </object>
        <object>
            <name>plane</name>
            <pose>Unspecified</pose>
            <truncated>0</truncated>
            <difficult>0</difficult>
            <bndbox>
                <xmin>78</xmin>
                <ymin>522</ymin>
                <xmax>135</xmax>
                <ymax>576</ymax>
            </bndbox>
        </object>
        <object>
            <name>plane</name>
            <pose>Unspecified</pose>
            <truncated>0</truncated>
            <difficult>0</difficult>
            <bndbox>
                <xmin>397</xmin>
                <ymin>275</ymin>
                <xmax>463</xmax>
                <ymax>343</ymax>
            </bndbox>
        </object>
        <object>
            <name>plane</name>
            <pose>Unspecified</pose>
            <truncated>0</truncated>
            <difficult>0</difficult>
            <bndbox>
                <xmin>714</xmin>
                <ymin>376</ymin>
                <xmax>780</xmax>
                <ymax>454</ymax>
            </bndbox>
        </object>
        <object>
            <name>plane</name>
            <pose>Unspecified</pose>
            <truncated>0</truncated>
            <difficult>0</difficult>
            <bndbox>
                <xmin>401</xmin>
                <ymin>397</ymin>
                <xmax>482</xmax>
                <ymax>473</ymax>
            </bndbox>
        </object>
        <object>
            <name>plane</name>
            <pose>Unspecified</pose>
            <truncated>0</truncated>
            <difficult>0</difficult>
            <bndbox>
                <xmin>678</xmin>
                <ymin>42</ymin>
                <xmax>777</xmax>
                <ymax>144</ymax>
            </bndbox>
        </object>
        
    </annotation>
    