
    <annotation>
        <folder>Python Fun</folder>
        <filename>img67.jpg</filename>
        <path>C:\Users\rober\Documents\Python Fun\plane.jpg</path>
        <source>
            <database>Unknown</database>
        </source>
        <size>
            <width>1000</width>
            <height>700</height>
            <depth>3</depth>
        </size>
        <segmented>0</segmented>
        
        <object>
            <name>plane</name>
            <pose>Unspecified</pose>
            <truncated>0</truncated>
            <difficult>0</difficult>
            <bndbox>
                <xmin>467</xmin>
                <ymin>412</ymin>
                <xmax>519</xmax>
                <ymax>466</ymax>
            </bndbox>
        </object>
        <object>
            <name>plane</name>
            <pose>Unspecified</pose>
            <truncated>0</truncated>
            <difficult>0</difficult>
            <bndbox>
                <xmin>825</xmin>
                <ymin>482</ymin>
                <xmax>874</xmax>
                <ymax>529</ymax>
            </bndbox>
        </object>
        <object>
            <name>plane</name>
            <pose>Unspecified</pose>
            <truncated>0</truncated>
            <difficult>0</difficult>
            <bndbox>
                <xmin>397</xmin>
                <ymin>496</ymin>
                <xmax>455</xmax>
                <ymax>554</ymax>
            </bndbox>
        </object>
        <object>
            <name>plane</name>
            <pose>Unspecified</pose>
            <truncated>0</truncated>
            <difficult>0</difficult>
            <bndbox>
                <xmin>569</xmin>
                <ymin>354</ymin>
                <xmax>619</xmax>
                <ymax>405</ymax>
            </bndbox>
        </object>
        <object>
            <name>plane</name>
            <pose>Unspecified</pose>
            <truncated>0</truncated>
            <difficult>0</difficult>
            <bndbox>
                <xmin>629</xmin>
                <ymin>148</ymin>
                <xmax>734</xmax>
                <ymax>251</ymax>
            </bndbox>
        </object>
        <object>
            <name>plane</name>
            <pose>Unspecified</pose>
            <truncated>0</truncated>
            <difficult>0</difficult>
            <bndbox>
                <xmin>720</xmin>
                <ymin>465</ymin>
                <xmax>776</xmax>
                <ymax>518</ymax>
            </bndbox>
        </object>
        
    </annotation>
    