
    <annotation>
        <folder>Python Fun</folder>
        <filename>img60.jpg</filename>
        <path>C:\Users\rober\Documents\Python Fun\plane.jpg</path>
        <source>
            <database>Unknown</database>
        </source>
        <size>
            <width>1000</width>
            <height>700</height>
            <depth>3</depth>
        </size>
        <segmented>0</segmented>
        
        <object>
            <name>plane</name>
            <pose>Unspecified</pose>
            <truncated>0</truncated>
            <difficult>0</difficult>
            <bndbox>
                <xmin>806</xmin>
                <ymin>329</ymin>
                <xmax>889</xmax>
                <ymax>418</ymax>
            </bndbox>
        </object>
        <object>
            <name>plane</name>
            <pose>Unspecified</pose>
            <truncated>0</truncated>
            <difficult>0</difficult>
            <bndbox>
                <xmin>323</xmin>
                <ymin>427</ymin>
                <xmax>363</xmax>
                <ymax>467</ymax>
            </bndbox>
        </object>
        <object>
            <name>plane</name>
            <pose>Unspecified</pose>
            <truncated>0</truncated>
            <difficult>0</difficult>
            <bndbox>
                <xmin>786</xmin>
                <ymin>163</ymin>
                <xmax>862</xmax>
                <ymax>242</ymax>
            </bndbox>
        </object>
        <object>
            <name>plane</name>
            <pose>Unspecified</pose>
            <truncated>0</truncated>
            <difficult>0</difficult>
            <bndbox>
                <xmin>221</xmin>
                <ymin>474</ymin>
                <xmax>265</xmax>
                <ymax>522</ymax>
            </bndbox>
        </object>
        <object>
            <name>plane</name>
            <pose>Unspecified</pose>
            <truncated>0</truncated>
            <difficult>0</difficult>
            <bndbox>
                <xmin>821</xmin>
                <ymin>387</ymin>
                <xmax>887</xmax>
                <ymax>457</ymax>
            </bndbox>
        </object>
        
    </annotation>
    