
    <annotation>
        <folder>Python Fun</folder>
        <filename>img73.jpg</filename>
        <path>C:\Users\rober\Documents\Python Fun\plane.jpg</path>
        <source>
            <database>Unknown</database>
        </source>
        <size>
            <width>1000</width>
            <height>700</height>
            <depth>3</depth>
        </size>
        <segmented>0</segmented>
        
        <object>
            <name>plane</name>
            <pose>Unspecified</pose>
            <truncated>0</truncated>
            <difficult>0</difficult>
            <bndbox>
                <xmin>500</xmin>
                <ymin>489</ymin>
                <xmax>592</xmax>
                <ymax>580</ymax>
            </bndbox>
        </object>
        <object>
            <name>plane</name>
            <pose>Unspecified</pose>
            <truncated>0</truncated>
            <difficult>0</difficult>
            <bndbox>
                <xmin>310</xmin>
                <ymin>530</ymin>
                <xmax>394</xmax>
                <ymax>605</ymax>
            </bndbox>
        </object>
        <object>
            <name>plane</name>
            <pose>Unspecified</pose>
            <truncated>0</truncated>
            <difficult>0</difficult>
            <bndbox>
                <xmin>190</xmin>
                <ymin>247</ymin>
                <xmax>287</xmax>
                <ymax>347</ymax>
            </bndbox>
        </object>
        <object>
            <name>plane</name>
            <pose>Unspecified</pose>
            <truncated>0</truncated>
            <difficult>0</difficult>
            <bndbox>
                <xmin>642</xmin>
                <ymin>264</ymin>
                <xmax>742</xmax>
                <ymax>365</ymax>
            </bndbox>
        </object>
        <object>
            <name>plane</name>
            <pose>Unspecified</pose>
            <truncated>0</truncated>
            <difficult>0</difficult>
            <bndbox>
                <xmin>482</xmin>
                <ymin>522</ymin>
                <xmax>556</xmax>
                <ymax>605</ymax>
            </bndbox>
        </object>
        
    </annotation>
    