
    <annotation>
        <folder>Python Fun</folder>
        <filename>img70.jpg</filename>
        <path>C:\Users\rober\Documents\Python Fun\plane.jpg</path>
        <source>
            <database>Unknown</database>
        </source>
        <size>
            <width>1000</width>
            <height>700</height>
            <depth>3</depth>
        </size>
        <segmented>0</segmented>
        
        <object>
            <name>plane</name>
            <pose>Unspecified</pose>
            <truncated>0</truncated>
            <difficult>0</difficult>
            <bndbox>
                <xmin>502</xmin>
                <ymin>481</ymin>
                <xmax>549</xmax>
                <ymax>528</ymax>
            </bndbox>
        </object>
        <object>
            <name>plane</name>
            <pose>Unspecified</pose>
            <truncated>0</truncated>
            <difficult>0</difficult>
            <bndbox>
                <xmin>24</xmin>
                <ymin>58</ymin>
                <xmax>103</xmax>
                <ymax>141</ymax>
            </bndbox>
        </object>
        <object>
            <name>plane</name>
            <pose>Unspecified</pose>
            <truncated>0</truncated>
            <difficult>0</difficult>
            <bndbox>
                <xmin>23</xmin>
                <ymin>590</ymin>
                <xmax>98</xmax>
                <ymax>664</ymax>
            </bndbox>
        </object>
        <object>
            <name>plane</name>
            <pose>Unspecified</pose>
            <truncated>0</truncated>
            <difficult>0</difficult>
            <bndbox>
                <xmin>334</xmin>
                <ymin>119</ymin>
                <xmax>435</xmax>
                <ymax>217</ymax>
            </bndbox>
        </object>
        <object>
            <name>plane</name>
            <pose>Unspecified</pose>
            <truncated>0</truncated>
            <difficult>0</difficult>
            <bndbox>
                <xmin>367</xmin>
                <ymin>234</ymin>
                <xmax>455</xmax>
                <ymax>324</ymax>
            </bndbox>
        </object>
        <object>
            <name>plane</name>
            <pose>Unspecified</pose>
            <truncated>0</truncated>
            <difficult>0</difficult>
            <bndbox>
                <xmin>837</xmin>
                <ymin>161</ymin>
                <xmax>913</xmax>
                <ymax>232</ymax>
            </bndbox>
        </object>
        <object>
            <name>plane</name>
            <pose>Unspecified</pose>
            <truncated>0</truncated>
            <difficult>0</difficult>
            <bndbox>
                <xmin>842</xmin>
                <ymin>552</ymin>
                <xmax>906</xmax>
                <ymax>615</ymax>
            </bndbox>
        </object>
        <object>
            <name>plane</name>
            <pose>Unspecified</pose>
            <truncated>0</truncated>
            <difficult>0</difficult>
            <bndbox>
                <xmin>676</xmin>
                <ymin>475</ymin>
                <xmax>743</xmax>
                <ymax>552</ymax>
            </bndbox>
        </object>
        
    </annotation>
    