
    <annotation>
        <folder>Python Fun</folder>
        <filename>img71.jpg</filename>
        <path>C:\Users\rober\Documents\Python Fun\plane.jpg</path>
        <source>
            <database>Unknown</database>
        </source>
        <size>
            <width>1000</width>
            <height>700</height>
            <depth>3</depth>
        </size>
        <segmented>0</segmented>
        
        <object>
            <name>plane</name>
            <pose>Unspecified</pose>
            <truncated>0</truncated>
            <difficult>0</difficult>
            <bndbox>
                <xmin>886</xmin>
                <ymin>209</ymin>
                <xmax>939</xmax>
                <ymax>260</ymax>
            </bndbox>
        </object>
        <object>
            <name>plane</name>
            <pose>Unspecified</pose>
            <truncated>0</truncated>
            <difficult>0</difficult>
            <bndbox>
                <xmin>654</xmin>
                <ymin>327</ymin>
                <xmax>713</xmax>
                <ymax>397</ymax>
            </bndbox>
        </object>
        <object>
            <name>plane</name>
            <pose>Unspecified</pose>
            <truncated>0</truncated>
            <difficult>0</difficult>
            <bndbox>
                <xmin>156</xmin>
                <ymin>188</ymin>
                <xmax>208</xmax>
                <ymax>243</ymax>
            </bndbox>
        </object>
        <object>
            <name>plane</name>
            <pose>Unspecified</pose>
            <truncated>0</truncated>
            <difficult>0</difficult>
            <bndbox>
                <xmin>825</xmin>
                <ymin>345</ymin>
                <xmax>878</xmax>
                <ymax>403</ymax>
            </bndbox>
        </object>
        <object>
            <name>plane</name>
            <pose>Unspecified</pose>
            <truncated>0</truncated>
            <difficult>0</difficult>
            <bndbox>
                <xmin>821</xmin>
                <ymin>455</ymin>
                <xmax>858</xmax>
                <ymax>491</ymax>
            </bndbox>
        </object>
        <object>
            <name>plane</name>
            <pose>Unspecified</pose>
            <truncated>0</truncated>
            <difficult>0</difficult>
            <bndbox>
                <xmin>549</xmin>
                <ymin>566</ymin>
                <xmax>621</xmax>
                <ymax>636</ymax>
            </bndbox>
        </object>
        <object>
            <name>plane</name>
            <pose>Unspecified</pose>
            <truncated>0</truncated>
            <difficult>0</difficult>
            <bndbox>
                <xmin>734</xmin>
                <ymin>411</ymin>
                <xmax>777</xmax>
                <ymax>451</ymax>
            </bndbox>
        </object>
        <object>
            <name>plane</name>
            <pose>Unspecified</pose>
            <truncated>0</truncated>
            <difficult>0</difficult>
            <bndbox>
                <xmin>675</xmin>
                <ymin>354</ymin>
                <xmax>730</xmax>
                <ymax>413</ymax>
            </bndbox>
        </object>
        <object>
            <name>plane</name>
            <pose>Unspecified</pose>
            <truncated>0</truncated>
            <difficult>0</difficult>
            <bndbox>
                <xmin>482</xmin>
                <ymin>423</ymin>
                <xmax>544</xmax>
                <ymax>485</ymax>
            </bndbox>
        </object>
        <object>
            <name>plane</name>
            <pose>Unspecified</pose>
            <truncated>0</truncated>
            <difficult>0</difficult>
            <bndbox>
                <xmin>272</xmin>
                <ymin>584</ymin>
                <xmax>347</xmax>
                <ymax>661</ymax>
            </bndbox>
        </object>
        <object>
            <name>plane</name>
            <pose>Unspecified</pose>
            <truncated>0</truncated>
            <difficult>0</difficult>
            <bndbox>
                <xmin>885</xmin>
                <ymin>249</ymin>
                <xmax>974</xmax>
                <ymax>337</ymax>
            </bndbox>
        </object>
        
    </annotation>
    