
    <annotation>
        <folder>Python Fun</folder>
        <filename>img72.jpg</filename>
        <path>C:\Users\rober\Documents\Python Fun\plane.jpg</path>
        <source>
            <database>Unknown</database>
        </source>
        <size>
            <width>1000</width>
            <height>700</height>
            <depth>3</depth>
        </size>
        <segmented>0</segmented>
        
        <object>
            <name>plane</name>
            <pose>Unspecified</pose>
            <truncated>0</truncated>
            <difficult>0</difficult>
            <bndbox>
                <xmin>772</xmin>
                <ymin>63</ymin>
                <xmax>844</xmax>
                <ymax>134</ymax>
            </bndbox>
        </object>
        <object>
            <name>plane</name>
            <pose>Unspecified</pose>
            <truncated>0</truncated>
            <difficult>0</difficult>
            <bndbox>
                <xmin>803</xmin>
                <ymin>81</ymin>
                <xmax>904</xmax>
                <ymax>180</ymax>
            </bndbox>
        </object>
        <object>
            <name>plane</name>
            <pose>Unspecified</pose>
            <truncated>0</truncated>
            <difficult>0</difficult>
            <bndbox>
                <xmin>104</xmin>
                <ymin>411</ymin>
                <xmax>149</xmax>
                <ymax>453</ymax>
            </bndbox>
        </object>
        <object>
            <name>plane</name>
            <pose>Unspecified</pose>
            <truncated>0</truncated>
            <difficult>0</difficult>
            <bndbox>
                <xmin>372</xmin>
                <ymin>295</ymin>
                <xmax>435</xmax>
                <ymax>359</ymax>
            </bndbox>
        </object>
        <object>
            <name>plane</name>
            <pose>Unspecified</pose>
            <truncated>0</truncated>
            <difficult>0</difficult>
            <bndbox>
                <xmin>667</xmin>
                <ymin>323</ymin>
                <xmax>749</xmax>
                <ymax>408</ymax>
            </bndbox>
        </object>
        <object>
            <name>plane</name>
            <pose>Unspecified</pose>
            <truncated>0</truncated>
            <difficult>0</difficult>
            <bndbox>
                <xmin>313</xmin>
                <ymin>258</ymin>
                <xmax>353</xmax>
                <ymax>296</ymax>
            </bndbox>
        </object>
        <object>
            <name>plane</name>
            <pose>Unspecified</pose>
            <truncated>0</truncated>
            <difficult>0</difficult>
            <bndbox>
                <xmin>137</xmin>
                <ymin>98</ymin>
                <xmax>183</xmax>
                <ymax>145</ymax>
            </bndbox>
        </object>
        <object>
            <name>plane</name>
            <pose>Unspecified</pose>
            <truncated>0</truncated>
            <difficult>0</difficult>
            <bndbox>
                <xmin>716</xmin>
                <ymin>472</ymin>
                <xmax>812</xmax>
                <ymax>568</ymax>
            </bndbox>
        </object>
        <object>
            <name>plane</name>
            <pose>Unspecified</pose>
            <truncated>0</truncated>
            <difficult>0</difficult>
            <bndbox>
                <xmin>252</xmin>
                <ymin>408</ymin>
                <xmax>311</xmax>
                <ymax>464</ymax>
            </bndbox>
        </object>
        <object>
            <name>plane</name>
            <pose>Unspecified</pose>
            <truncated>0</truncated>
            <difficult>0</difficult>
            <bndbox>
                <xmin>219</xmin>
                <ymin>474</ymin>
                <xmax>257</xmax>
                <ymax>513</ymax>
            </bndbox>
        </object>
        <object>
            <name>plane</name>
            <pose>Unspecified</pose>
            <truncated>0</truncated>
            <difficult>0</difficult>
            <bndbox>
                <xmin>54</xmin>
                <ymin>164</ymin>
                <xmax>147</xmax>
                <ymax>257</ymax>
            </bndbox>
        </object>
        
    </annotation>
    