
    <annotation>
        <folder>Python Fun</folder>
        <filename>img76.jpg</filename>
        <path>C:\Users\rober\Documents\Python Fun\plane.jpg</path>
        <source>
            <database>Unknown</database>
        </source>
        <size>
            <width>1000</width>
            <height>700</height>
            <depth>3</depth>
        </size>
        <segmented>0</segmented>
        
        <object>
            <name>plane</name>
            <pose>Unspecified</pose>
            <truncated>0</truncated>
            <difficult>0</difficult>
            <bndbox>
                <xmin>465</xmin>
                <ymin>147</ymin>
                <xmax>544</xmax>
                <ymax>226</ymax>
            </bndbox>
        </object>
        <object>
            <name>plane</name>
            <pose>Unspecified</pose>
            <truncated>0</truncated>
            <difficult>0</difficult>
            <bndbox>
                <xmin>382</xmin>
                <ymin>309</ymin>
                <xmax>421</xmax>
                <ymax>350</ymax>
            </bndbox>
        </object>
        <object>
            <name>plane</name>
            <pose>Unspecified</pose>
            <truncated>0</truncated>
            <difficult>0</difficult>
            <bndbox>
                <xmin>864</xmin>
                <ymin>418</ymin>
                <xmax>931</xmax>
                <ymax>488</ymax>
            </bndbox>
        </object>
        <object>
            <name>plane</name>
            <pose>Unspecified</pose>
            <truncated>0</truncated>
            <difficult>0</difficult>
            <bndbox>
                <xmin>342</xmin>
                <ymin>362</ymin>
                <xmax>393</xmax>
                <ymax>414</ymax>
            </bndbox>
        </object>
        <object>
            <name>plane</name>
            <pose>Unspecified</pose>
            <truncated>0</truncated>
            <difficult>0</difficult>
            <bndbox>
                <xmin>164</xmin>
                <ymin>238</ymin>
                <xmax>261</xmax>
                <ymax>334</ymax>
            </bndbox>
        </object>
        <object>
            <name>plane</name>
            <pose>Unspecified</pose>
            <truncated>0</truncated>
            <difficult>0</difficult>
            <bndbox>
                <xmin>872</xmin>
                <ymin>65</ymin>
                <xmax>942</xmax>
                <ymax>133</ymax>
            </bndbox>
        </object>
        <object>
            <name>plane</name>
            <pose>Unspecified</pose>
            <truncated>0</truncated>
            <difficult>0</difficult>
            <bndbox>
                <xmin>516</xmin>
                <ymin>197</ymin>
                <xmax>580</xmax>
                <ymax>261</ymax>
            </bndbox>
        </object>
        <object>
            <name>plane</name>
            <pose>Unspecified</pose>
            <truncated>0</truncated>
            <difficult>0</difficult>
            <bndbox>
                <xmin>106</xmin>
                <ymin>520</ymin>
                <xmax>171</xmax>
                <ymax>584</ymax>
            </bndbox>
        </object>
        
    </annotation>
    