
    <annotation>
        <folder>Python Fun</folder>
        <filename>img79.jpg</filename>
        <path>C:\Users\rober\Documents\Python Fun\plane.jpg</path>
        <source>
            <database>Unknown</database>
        </source>
        <size>
            <width>1000</width>
            <height>700</height>
            <depth>3</depth>
        </size>
        <segmented>0</segmented>
        
        <object>
            <name>plane</name>
            <pose>Unspecified</pose>
            <truncated>0</truncated>
            <difficult>0</difficult>
            <bndbox>
                <xmin>836</xmin>
                <ymin>234</ymin>
                <xmax>913</xmax>
                <ymax>313</ymax>
            </bndbox>
        </object>
        <object>
            <name>plane</name>
            <pose>Unspecified</pose>
            <truncated>0</truncated>
            <difficult>0</difficult>
            <bndbox>
                <xmin>88</xmin>
                <ymin>254</ymin>
                <xmax>125</xmax>
                <ymax>292</ymax>
            </bndbox>
        </object>
        <object>
            <name>plane</name>
            <pose>Unspecified</pose>
            <truncated>0</truncated>
            <difficult>0</difficult>
            <bndbox>
                <xmin>419</xmin>
                <ymin>505</ymin>
                <xmax>495</xmax>
                <ymax>576</ymax>
            </bndbox>
        </object>
        <object>
            <name>plane</name>
            <pose>Unspecified</pose>
            <truncated>0</truncated>
            <difficult>0</difficult>
            <bndbox>
                <xmin>902</xmin>
                <ymin>230</ymin>
                <xmax>979</xmax>
                <ymax>304</ymax>
            </bndbox>
        </object>
        <object>
            <name>plane</name>
            <pose>Unspecified</pose>
            <truncated>0</truncated>
            <difficult>0</difficult>
            <bndbox>
                <xmin>92</xmin>
                <ymin>244</ymin>
                <xmax>132</xmax>
                <ymax>288</ymax>
            </bndbox>
        </object>
        <object>
            <name>plane</name>
            <pose>Unspecified</pose>
            <truncated>0</truncated>
            <difficult>0</difficult>
            <bndbox>
                <xmin>462</xmin>
                <ymin>400</ymin>
                <xmax>508</xmax>
                <ymax>444</ymax>
            </bndbox>
        </object>
        <object>
            <name>plane</name>
            <pose>Unspecified</pose>
            <truncated>0</truncated>
            <difficult>0</difficult>
            <bndbox>
                <xmin>824</xmin>
                <ymin>268</ymin>
                <xmax>864</xmax>
                <ymax>310</ymax>
            </bndbox>
        </object>
        <object>
            <name>plane</name>
            <pose>Unspecified</pose>
            <truncated>0</truncated>
            <difficult>0</difficult>
            <bndbox>
                <xmin>403</xmin>
                <ymin>405</ymin>
                <xmax>479</xmax>
                <ymax>482</ymax>
            </bndbox>
        </object>
        <object>
            <name>plane</name>
            <pose>Unspecified</pose>
            <truncated>0</truncated>
            <difficult>0</difficult>
            <bndbox>
                <xmin>476</xmin>
                <ymin>268</ymin>
                <xmax>570</xmax>
                <ymax>364</ymax>
            </bndbox>
        </object>
        
    </annotation>
    