
    <annotation>
        <folder>Python Fun</folder>
        <filename>img7.jpg</filename>
        <path>C:\Users\rober\Documents\Python Fun\plane.jpg</path>
        <source>
            <database>Unknown</database>
        </source>
        <size>
            <width>1000</width>
            <height>700</height>
            <depth>3</depth>
        </size>
        <segmented>0</segmented>
        
        <object>
            <name>plane</name>
            <pose>Unspecified</pose>
            <truncated>0</truncated>
            <difficult>0</difficult>
            <bndbox>
                <xmin>882</xmin>
                <ymin>299</ymin>
                <xmax>965</xmax>
                <ymax>389</ymax>
            </bndbox>
        </object>
        <object>
            <name>plane</name>
            <pose>Unspecified</pose>
            <truncated>0</truncated>
            <difficult>0</difficult>
            <bndbox>
                <xmin>740</xmin>
                <ymin>306</ymin>
                <xmax>838</xmax>
                <ymax>402</ymax>
            </bndbox>
        </object>
        <object>
            <name>plane</name>
            <pose>Unspecified</pose>
            <truncated>0</truncated>
            <difficult>0</difficult>
            <bndbox>
                <xmin>205</xmin>
                <ymin>231</ymin>
                <xmax>288</xmax>
                <ymax>315</ymax>
            </bndbox>
        </object>
        
    </annotation>
    