
    <annotation>
        <folder>Python Fun</folder>
        <filename>img74.jpg</filename>
        <path>C:\Users\rober\Documents\Python Fun\plane.jpg</path>
        <source>
            <database>Unknown</database>
        </source>
        <size>
            <width>1000</width>
            <height>700</height>
            <depth>3</depth>
        </size>
        <segmented>0</segmented>
        
        <object>
            <name>plane</name>
            <pose>Unspecified</pose>
            <truncated>0</truncated>
            <difficult>0</difficult>
            <bndbox>
                <xmin>590</xmin>
                <ymin>64</ymin>
                <xmax>656</xmax>
                <ymax>129</ymax>
            </bndbox>
        </object>
        <object>
            <name>plane</name>
            <pose>Unspecified</pose>
            <truncated>0</truncated>
            <difficult>0</difficult>
            <bndbox>
                <xmin>820</xmin>
                <ymin>357</ymin>
                <xmax>858</xmax>
                <ymax>394</ymax>
            </bndbox>
        </object>
        <object>
            <name>plane</name>
            <pose>Unspecified</pose>
            <truncated>0</truncated>
            <difficult>0</difficult>
            <bndbox>
                <xmin>848</xmin>
                <ymin>435</ymin>
                <xmax>891</xmax>
                <ymax>479</ymax>
            </bndbox>
        </object>
        <object>
            <name>plane</name>
            <pose>Unspecified</pose>
            <truncated>0</truncated>
            <difficult>0</difficult>
            <bndbox>
                <xmin>103</xmin>
                <ymin>564</ymin>
                <xmax>178</xmax>
                <ymax>637</ymax>
            </bndbox>
        </object>
        <object>
            <name>plane</name>
            <pose>Unspecified</pose>
            <truncated>0</truncated>
            <difficult>0</difficult>
            <bndbox>
                <xmin>883</xmin>
                <ymin>530</ymin>
                <xmax>965</xmax>
                <ymax>612</ymax>
            </bndbox>
        </object>
        <object>
            <name>plane</name>
            <pose>Unspecified</pose>
            <truncated>0</truncated>
            <difficult>0</difficult>
            <bndbox>
                <xmin>858</xmin>
                <ymin>42</ymin>
                <xmax>941</xmax>
                <ymax>117</ymax>
            </bndbox>
        </object>
        <object>
            <name>plane</name>
            <pose>Unspecified</pose>
            <truncated>0</truncated>
            <difficult>0</difficult>
            <bndbox>
                <xmin>283</xmin>
                <ymin>391</ymin>
                <xmax>318</xmax>
                <ymax>424</ymax>
            </bndbox>
        </object>
        <object>
            <name>plane</name>
            <pose>Unspecified</pose>
            <truncated>0</truncated>
            <difficult>0</difficult>
            <bndbox>
                <xmin>634</xmin>
                <ymin>79</ymin>
                <xmax>698</xmax>
                <ymax>143</ymax>
            </bndbox>
        </object>
        <object>
            <name>plane</name>
            <pose>Unspecified</pose>
            <truncated>0</truncated>
            <difficult>0</difficult>
            <bndbox>
                <xmin>79</xmin>
                <ymin>533</ymin>
                <xmax>116</xmax>
                <ymax>571</ymax>
            </bndbox>
        </object>
        <object>
            <name>plane</name>
            <pose>Unspecified</pose>
            <truncated>0</truncated>
            <difficult>0</difficult>
            <bndbox>
                <xmin>693</xmin>
                <ymin>193</ymin>
                <xmax>794</xmax>
                <ymax>295</ymax>
            </bndbox>
        </object>
        <object>
            <name>plane</name>
            <pose>Unspecified</pose>
            <truncated>0</truncated>
            <difficult>0</difficult>
            <bndbox>
                <xmin>48</xmin>
                <ymin>106</ymin>
                <xmax>94</xmax>
                <ymax>151</ymax>
            </bndbox>
        </object>
        <object>
            <name>plane</name>
            <pose>Unspecified</pose>
            <truncated>0</truncated>
            <difficult>0</difficult>
            <bndbox>
                <xmin>641</xmin>
                <ymin>527</ymin>
                <xmax>722</xmax>
                <ymax>599</ymax>
            </bndbox>
        </object>
        <object>
            <name>plane</name>
            <pose>Unspecified</pose>
            <truncated>0</truncated>
            <difficult>0</difficult>
            <bndbox>
                <xmin>389</xmin>
                <ymin>56</ymin>
                <xmax>445</xmax>
                <ymax>108</ymax>
            </bndbox>
        </object>
        <object>
            <name>plane</name>
            <pose>Unspecified</pose>
            <truncated>0</truncated>
            <difficult>0</difficult>
            <bndbox>
                <xmin>598</xmin>
                <ymin>38</ymin>
                <xmax>695</xmax>
                <ymax>134</ymax>
            </bndbox>
        </object>
        
    </annotation>
    