
    <annotation>
        <folder>Python Fun</folder>
        <filename>img75.jpg</filename>
        <path>C:\Users\rober\Documents\Python Fun\plane.jpg</path>
        <source>
            <database>Unknown</database>
        </source>
        <size>
            <width>1000</width>
            <height>700</height>
            <depth>3</depth>
        </size>
        <segmented>0</segmented>
        
        <object>
            <name>plane</name>
            <pose>Unspecified</pose>
            <truncated>0</truncated>
            <difficult>0</difficult>
            <bndbox>
                <xmin>325</xmin>
                <ymin>46</ymin>
                <xmax>367</xmax>
                <ymax>87</ymax>
            </bndbox>
        </object>
        <object>
            <name>plane</name>
            <pose>Unspecified</pose>
            <truncated>0</truncated>
            <difficult>0</difficult>
            <bndbox>
                <xmin>654</xmin>
                <ymin>39</ymin>
                <xmax>757</xmax>
                <ymax>141</ymax>
            </bndbox>
        </object>
        <object>
            <name>plane</name>
            <pose>Unspecified</pose>
            <truncated>0</truncated>
            <difficult>0</difficult>
            <bndbox>
                <xmin>506</xmin>
                <ymin>144</ymin>
                <xmax>560</xmax>
                <ymax>198</ymax>
            </bndbox>
        </object>
        <object>
            <name>plane</name>
            <pose>Unspecified</pose>
            <truncated>0</truncated>
            <difficult>0</difficult>
            <bndbox>
                <xmin>230</xmin>
                <ymin>465</ymin>
                <xmax>288</xmax>
                <ymax>524</ymax>
            </bndbox>
        </object>
        <object>
            <name>plane</name>
            <pose>Unspecified</pose>
            <truncated>0</truncated>
            <difficult>0</difficult>
            <bndbox>
                <xmin>215</xmin>
                <ymin>436</ymin>
                <xmax>282</xmax>
                <ymax>503</ymax>
            </bndbox>
        </object>
        <object>
            <name>plane</name>
            <pose>Unspecified</pose>
            <truncated>0</truncated>
            <difficult>0</difficult>
            <bndbox>
                <xmin>88</xmin>
                <ymin>383</ymin>
                <xmax>136</xmax>
                <ymax>430</ymax>
            </bndbox>
        </object>
        <object>
            <name>plane</name>
            <pose>Unspecified</pose>
            <truncated>0</truncated>
            <difficult>0</difficult>
            <bndbox>
                <xmin>484</xmin>
                <ymin>437</ymin>
                <xmax>580</xmax>
                <ymax>529</ymax>
            </bndbox>
        </object>
        <object>
            <name>plane</name>
            <pose>Unspecified</pose>
            <truncated>0</truncated>
            <difficult>0</difficult>
            <bndbox>
                <xmin>190</xmin>
                <ymin>240</ymin>
                <xmax>235</xmax>
                <ymax>288</ymax>
            </bndbox>
        </object>
        <object>
            <name>plane</name>
            <pose>Unspecified</pose>
            <truncated>0</truncated>
            <difficult>0</difficult>
            <bndbox>
                <xmin>584</xmin>
                <ymin>612</ymin>
                <xmax>622</xmax>
                <ymax>651</ymax>
            </bndbox>
        </object>
        <object>
            <name>plane</name>
            <pose>Unspecified</pose>
            <truncated>0</truncated>
            <difficult>0</difficult>
            <bndbox>
                <xmin>542</xmin>
                <ymin>71</ymin>
                <xmax>595</xmax>
                <ymax>129</ymax>
            </bndbox>
        </object>
        <object>
            <name>plane</name>
            <pose>Unspecified</pose>
            <truncated>0</truncated>
            <difficult>0</difficult>
            <bndbox>
                <xmin>735</xmin>
                <ymin>526</ymin>
                <xmax>782</xmax>
                <ymax>577</ymax>
            </bndbox>
        </object>
        <object>
            <name>plane</name>
            <pose>Unspecified</pose>
            <truncated>0</truncated>
            <difficult>0</difficult>
            <bndbox>
                <xmin>843</xmin>
                <ymin>180</ymin>
                <xmax>918</xmax>
                <ymax>253</ymax>
            </bndbox>
        </object>
        <object>
            <name>plane</name>
            <pose>Unspecified</pose>
            <truncated>0</truncated>
            <difficult>0</difficult>
            <bndbox>
                <xmin>871</xmin>
                <ymin>395</ymin>
                <xmax>942</xmax>
                <ymax>470</ymax>
            </bndbox>
        </object>
        <object>
            <name>plane</name>
            <pose>Unspecified</pose>
            <truncated>0</truncated>
            <difficult>0</difficult>
            <bndbox>
                <xmin>51</xmin>
                <ymin>96</ymin>
                <xmax>131</xmax>
                <ymax>172</ymax>
            </bndbox>
        </object>
        <object>
            <name>plane</name>
            <pose>Unspecified</pose>
            <truncated>0</truncated>
            <difficult>0</difficult>
            <bndbox>
                <xmin>830</xmin>
                <ymin>372</ymin>
                <xmax>905</xmax>
                <ymax>442</ymax>
            </bndbox>
        </object>
        
    </annotation>
    