
    <annotation>
        <folder>Python Fun</folder>
        <filename>img78.jpg</filename>
        <path>C:\Users\rober\Documents\Python Fun\plane.jpg</path>
        <source>
            <database>Unknown</database>
        </source>
        <size>
            <width>1000</width>
            <height>700</height>
            <depth>3</depth>
        </size>
        <segmented>0</segmented>
        
        <object>
            <name>plane</name>
            <pose>Unspecified</pose>
            <truncated>0</truncated>
            <difficult>0</difficult>
            <bndbox>
                <xmin>287</xmin>
                <ymin>476</ymin>
                <xmax>384</xmax>
                <ymax>570</ymax>
            </bndbox>
        </object>
        <object>
            <name>plane</name>
            <pose>Unspecified</pose>
            <truncated>0</truncated>
            <difficult>0</difficult>
            <bndbox>
                <xmin>166</xmin>
                <ymin>138</ymin>
                <xmax>212</xmax>
                <ymax>185</ymax>
            </bndbox>
        </object>
        <object>
            <name>plane</name>
            <pose>Unspecified</pose>
            <truncated>0</truncated>
            <difficult>0</difficult>
            <bndbox>
                <xmin>658</xmin>
                <ymin>259</ymin>
                <xmax>700</xmax>
                <ymax>301</ymax>
            </bndbox>
        </object>
        <object>
            <name>plane</name>
            <pose>Unspecified</pose>
            <truncated>0</truncated>
            <difficult>0</difficult>
            <bndbox>
                <xmin>450</xmin>
                <ymin>331</ymin>
                <xmax>489</xmax>
                <ymax>369</ymax>
            </bndbox>
        </object>
        <object>
            <name>plane</name>
            <pose>Unspecified</pose>
            <truncated>0</truncated>
            <difficult>0</difficult>
            <bndbox>
                <xmin>787</xmin>
                <ymin>185</ymin>
                <xmax>882</xmax>
                <ymax>279</ymax>
            </bndbox>
        </object>
        
    </annotation>
    