
    <annotation>
        <folder>Python Fun</folder>
        <filename>img8.jpg</filename>
        <path>C:\Users\rober\Documents\Python Fun\plane.jpg</path>
        <source>
            <database>Unknown</database>
        </source>
        <size>
            <width>1000</width>
            <height>700</height>
            <depth>3</depth>
        </size>
        <segmented>0</segmented>
        
        <object>
            <name>plane</name>
            <pose>Unspecified</pose>
            <truncated>0</truncated>
            <difficult>0</difficult>
            <bndbox>
                <xmin>404</xmin>
                <ymin>604</ymin>
                <xmax>436</xmax>
                <ymax>634</ymax>
            </bndbox>
        </object>
        <object>
            <name>plane</name>
            <pose>Unspecified</pose>
            <truncated>0</truncated>
            <difficult>0</difficult>
            <bndbox>
                <xmin>274</xmin>
                <ymin>421</ymin>
                <xmax>325</xmax>
                <ymax>476</ymax>
            </bndbox>
        </object>
        <object>
            <name>plane</name>
            <pose>Unspecified</pose>
            <truncated>0</truncated>
            <difficult>0</difficult>
            <bndbox>
                <xmin>781</xmin>
                <ymin>165</ymin>
                <xmax>828</xmax>
                <ymax>211</ymax>
            </bndbox>
        </object>
        <object>
            <name>plane</name>
            <pose>Unspecified</pose>
            <truncated>0</truncated>
            <difficult>0</difficult>
            <bndbox>
                <xmin>39</xmin>
                <ymin>52</ymin>
                <xmax>115</xmax>
                <ymax>129</ymax>
            </bndbox>
        </object>
        <object>
            <name>plane</name>
            <pose>Unspecified</pose>
            <truncated>0</truncated>
            <difficult>0</difficult>
            <bndbox>
                <xmin>318</xmin>
                <ymin>451</ymin>
                <xmax>397</xmax>
                <ymax>533</ymax>
            </bndbox>
        </object>
        <object>
            <name>plane</name>
            <pose>Unspecified</pose>
            <truncated>0</truncated>
            <difficult>0</difficult>
            <bndbox>
                <xmin>202</xmin>
                <ymin>266</ymin>
                <xmax>283</xmax>
                <ymax>343</ymax>
            </bndbox>
        </object>
        <object>
            <name>plane</name>
            <pose>Unspecified</pose>
            <truncated>0</truncated>
            <difficult>0</difficult>
            <bndbox>
                <xmin>122</xmin>
                <ymin>355</ymin>
                <xmax>160</xmax>
                <ymax>395</ymax>
            </bndbox>
        </object>
        <object>
            <name>plane</name>
            <pose>Unspecified</pose>
            <truncated>0</truncated>
            <difficult>0</difficult>
            <bndbox>
                <xmin>694</xmin>
                <ymin>240</ymin>
                <xmax>764</xmax>
                <ymax>310</ymax>
            </bndbox>
        </object>
        <object>
            <name>plane</name>
            <pose>Unspecified</pose>
            <truncated>0</truncated>
            <difficult>0</difficult>
            <bndbox>
                <xmin>394</xmin>
                <ymin>244</ymin>
                <xmax>461</xmax>
                <ymax>308</ymax>
            </bndbox>
        </object>
        <object>
            <name>plane</name>
            <pose>Unspecified</pose>
            <truncated>0</truncated>
            <difficult>0</difficult>
            <bndbox>
                <xmin>342</xmin>
                <ymin>383</ymin>
                <xmax>439</xmax>
                <ymax>476</ymax>
            </bndbox>
        </object>
        <object>
            <name>plane</name>
            <pose>Unspecified</pose>
            <truncated>0</truncated>
            <difficult>0</difficult>
            <bndbox>
                <xmin>754</xmin>
                <ymin>339</ymin>
                <xmax>802</xmax>
                <ymax>388</ymax>
            </bndbox>
        </object>
        <object>
            <name>plane</name>
            <pose>Unspecified</pose>
            <truncated>0</truncated>
            <difficult>0</difficult>
            <bndbox>
                <xmin>842</xmin>
                <ymin>256</ymin>
                <xmax>887</xmax>
                <ymax>301</ymax>
            </bndbox>
        </object>
        <object>
            <name>plane</name>
            <pose>Unspecified</pose>
            <truncated>0</truncated>
            <difficult>0</difficult>
            <bndbox>
                <xmin>146</xmin>
                <ymin>393</ymin>
                <xmax>197</xmax>
                <ymax>444</ymax>
            </bndbox>
        </object>
        
    </annotation>
    