
    <annotation>
        <folder>Python Fun</folder>
        <filename>img81.jpg</filename>
        <path>C:\Users\rober\Documents\Python Fun\plane.jpg</path>
        <source>
            <database>Unknown</database>
        </source>
        <size>
            <width>1000</width>
            <height>700</height>
            <depth>3</depth>
        </size>
        <segmented>0</segmented>
        
        <object>
            <name>plane</name>
            <pose>Unspecified</pose>
            <truncated>0</truncated>
            <difficult>0</difficult>
            <bndbox>
                <xmin>599</xmin>
                <ymin>302</ymin>
                <xmax>652</xmax>
                <ymax>353</ymax>
            </bndbox>
        </object>
        <object>
            <name>plane</name>
            <pose>Unspecified</pose>
            <truncated>0</truncated>
            <difficult>0</difficult>
            <bndbox>
                <xmin>276</xmin>
                <ymin>145</ymin>
                <xmax>316</xmax>
                <ymax>186</ymax>
            </bndbox>
        </object>
        <object>
            <name>plane</name>
            <pose>Unspecified</pose>
            <truncated>0</truncated>
            <difficult>0</difficult>
            <bndbox>
                <xmin>790</xmin>
                <ymin>38</ymin>
                <xmax>869</xmax>
                <ymax>116</ymax>
            </bndbox>
        </object>
        <object>
            <name>plane</name>
            <pose>Unspecified</pose>
            <truncated>0</truncated>
            <difficult>0</difficult>
            <bndbox>
                <xmin>479</xmin>
                <ymin>229</ymin>
                <xmax>560</xmax>
                <ymax>306</ymax>
            </bndbox>
        </object>
        <object>
            <name>plane</name>
            <pose>Unspecified</pose>
            <truncated>0</truncated>
            <difficult>0</difficult>
            <bndbox>
                <xmin>203</xmin>
                <ymin>135</ymin>
                <xmax>240</xmax>
                <ymax>169</ymax>
            </bndbox>
        </object>
        <object>
            <name>plane</name>
            <pose>Unspecified</pose>
            <truncated>0</truncated>
            <difficult>0</difficult>
            <bndbox>
                <xmin>423</xmin>
                <ymin>492</ymin>
                <xmax>494</xmax>
                <ymax>562</ymax>
            </bndbox>
        </object>
        <object>
            <name>plane</name>
            <pose>Unspecified</pose>
            <truncated>0</truncated>
            <difficult>0</difficult>
            <bndbox>
                <xmin>502</xmin>
                <ymin>555</ymin>
                <xmax>592</xmax>
                <ymax>642</ymax>
            </bndbox>
        </object>
        <object>
            <name>plane</name>
            <pose>Unspecified</pose>
            <truncated>0</truncated>
            <difficult>0</difficult>
            <bndbox>
                <xmin>816</xmin>
                <ymin>113</ymin>
                <xmax>903</xmax>
                <ymax>199</ymax>
            </bndbox>
        </object>
        <object>
            <name>plane</name>
            <pose>Unspecified</pose>
            <truncated>0</truncated>
            <difficult>0</difficult>
            <bndbox>
                <xmin>228</xmin>
                <ymin>252</ymin>
                <xmax>267</xmax>
                <ymax>291</ymax>
            </bndbox>
        </object>
        
    </annotation>
    