
    <annotation>
        <folder>Python Fun</folder>
        <filename>img88.jpg</filename>
        <path>C:\Users\rober\Documents\Python Fun\plane.jpg</path>
        <source>
            <database>Unknown</database>
        </source>
        <size>
            <width>1000</width>
            <height>700</height>
            <depth>3</depth>
        </size>
        <segmented>0</segmented>
        
        <object>
            <name>plane</name>
            <pose>Unspecified</pose>
            <truncated>0</truncated>
            <difficult>0</difficult>
            <bndbox>
                <xmin>463</xmin>
                <ymin>113</ymin>
                <xmax>555</xmax>
                <ymax>201</ymax>
            </bndbox>
        </object>
        <object>
            <name>plane</name>
            <pose>Unspecified</pose>
            <truncated>0</truncated>
            <difficult>0</difficult>
            <bndbox>
                <xmin>497</xmin>
                <ymin>90</ymin>
                <xmax>540</xmax>
                <ymax>131</ymax>
            </bndbox>
        </object>
        <object>
            <name>plane</name>
            <pose>Unspecified</pose>
            <truncated>0</truncated>
            <difficult>0</difficult>
            <bndbox>
                <xmin>462</xmin>
                <ymin>96</ymin>
                <xmax>525</xmax>
                <ymax>159</ymax>
            </bndbox>
        </object>
        
    </annotation>
    