
    <annotation>
        <folder>Python Fun</folder>
        <filename>img85.jpg</filename>
        <path>C:\Users\rober\Documents\Python Fun\plane.jpg</path>
        <source>
            <database>Unknown</database>
        </source>
        <size>
            <width>1000</width>
            <height>700</height>
            <depth>3</depth>
        </size>
        <segmented>0</segmented>
        
        <object>
            <name>plane</name>
            <pose>Unspecified</pose>
            <truncated>0</truncated>
            <difficult>0</difficult>
            <bndbox>
                <xmin>592</xmin>
                <ymin>67</ymin>
                <xmax>686</xmax>
                <ymax>160</ymax>
            </bndbox>
        </object>
        <object>
            <name>plane</name>
            <pose>Unspecified</pose>
            <truncated>0</truncated>
            <difficult>0</difficult>
            <bndbox>
                <xmin>268</xmin>
                <ymin>178</ymin>
                <xmax>351</xmax>
                <ymax>260</ymax>
            </bndbox>
        </object>
        <object>
            <name>plane</name>
            <pose>Unspecified</pose>
            <truncated>0</truncated>
            <difficult>0</difficult>
            <bndbox>
                <xmin>174</xmin>
                <ymin>61</ymin>
                <xmax>263</xmax>
                <ymax>149</ymax>
            </bndbox>
        </object>
        <object>
            <name>plane</name>
            <pose>Unspecified</pose>
            <truncated>0</truncated>
            <difficult>0</difficult>
            <bndbox>
                <xmin>500</xmin>
                <ymin>153</ymin>
                <xmax>537</xmax>
                <ymax>193</ymax>
            </bndbox>
        </object>
        <object>
            <name>plane</name>
            <pose>Unspecified</pose>
            <truncated>0</truncated>
            <difficult>0</difficult>
            <bndbox>
                <xmin>269</xmin>
                <ymin>605</ymin>
                <xmax>339</xmax>
                <ymax>677</ymax>
            </bndbox>
        </object>
        <object>
            <name>plane</name>
            <pose>Unspecified</pose>
            <truncated>0</truncated>
            <difficult>0</difficult>
            <bndbox>
                <xmin>47</xmin>
                <ymin>214</ymin>
                <xmax>140</xmax>
                <ymax>305</ymax>
            </bndbox>
        </object>
        <object>
            <name>plane</name>
            <pose>Unspecified</pose>
            <truncated>0</truncated>
            <difficult>0</difficult>
            <bndbox>
                <xmin>581</xmin>
                <ymin>336</ymin>
                <xmax>661</xmax>
                <ymax>414</ymax>
            </bndbox>
        </object>
        <object>
            <name>plane</name>
            <pose>Unspecified</pose>
            <truncated>0</truncated>
            <difficult>0</difficult>
            <bndbox>
                <xmin>531</xmin>
                <ymin>574</ymin>
                <xmax>620</xmax>
                <ymax>664</ymax>
            </bndbox>
        </object>
        <object>
            <name>plane</name>
            <pose>Unspecified</pose>
            <truncated>0</truncated>
            <difficult>0</difficult>
            <bndbox>
                <xmin>550</xmin>
                <ymin>224</ymin>
                <xmax>627</xmax>
                <ymax>300</ymax>
            </bndbox>
        </object>
        <object>
            <name>plane</name>
            <pose>Unspecified</pose>
            <truncated>0</truncated>
            <difficult>0</difficult>
            <bndbox>
                <xmin>284</xmin>
                <ymin>147</ymin>
                <xmax>323</xmax>
                <ymax>184</ymax>
            </bndbox>
        </object>
        
    </annotation>
    