
    <annotation>
        <folder>Python Fun</folder>
        <filename>img82.jpg</filename>
        <path>C:\Users\rober\Documents\Python Fun\plane.jpg</path>
        <source>
            <database>Unknown</database>
        </source>
        <size>
            <width>1000</width>
            <height>700</height>
            <depth>3</depth>
        </size>
        <segmented>0</segmented>
        
        <object>
            <name>plane</name>
            <pose>Unspecified</pose>
            <truncated>0</truncated>
            <difficult>0</difficult>
            <bndbox>
                <xmin>745</xmin>
                <ymin>80</ymin>
                <xmax>826</xmax>
                <ymax>158</ymax>
            </bndbox>
        </object>
        <object>
            <name>plane</name>
            <pose>Unspecified</pose>
            <truncated>0</truncated>
            <difficult>0</difficult>
            <bndbox>
                <xmin>229</xmin>
                <ymin>92</ymin>
                <xmax>262</xmax>
                <ymax>127</ymax>
            </bndbox>
        </object>
        <object>
            <name>plane</name>
            <pose>Unspecified</pose>
            <truncated>0</truncated>
            <difficult>0</difficult>
            <bndbox>
                <xmin>300</xmin>
                <ymin>157</ymin>
                <xmax>368</xmax>
                <ymax>228</ymax>
            </bndbox>
        </object>
        <object>
            <name>plane</name>
            <pose>Unspecified</pose>
            <truncated>0</truncated>
            <difficult>0</difficult>
            <bndbox>
                <xmin>527</xmin>
                <ymin>146</ymin>
                <xmax>568</xmax>
                <ymax>188</ymax>
            </bndbox>
        </object>
        <object>
            <name>plane</name>
            <pose>Unspecified</pose>
            <truncated>0</truncated>
            <difficult>0</difficult>
            <bndbox>
                <xmin>214</xmin>
                <ymin>308</ymin>
                <xmax>250</xmax>
                <ymax>343</ymax>
            </bndbox>
        </object>
        <object>
            <name>plane</name>
            <pose>Unspecified</pose>
            <truncated>0</truncated>
            <difficult>0</difficult>
            <bndbox>
                <xmin>197</xmin>
                <ymin>395</ymin>
                <xmax>263</xmax>
                <ymax>464</ymax>
            </bndbox>
        </object>
        <object>
            <name>plane</name>
            <pose>Unspecified</pose>
            <truncated>0</truncated>
            <difficult>0</difficult>
            <bndbox>
                <xmin>414</xmin>
                <ymin>242</ymin>
                <xmax>488</xmax>
                <ymax>317</ymax>
            </bndbox>
        </object>
        <object>
            <name>plane</name>
            <pose>Unspecified</pose>
            <truncated>0</truncated>
            <difficult>0</difficult>
            <bndbox>
                <xmin>862</xmin>
                <ymin>483</ymin>
                <xmax>946</xmax>
                <ymax>569</ymax>
            </bndbox>
        </object>
        <object>
            <name>plane</name>
            <pose>Unspecified</pose>
            <truncated>0</truncated>
            <difficult>0</difficult>
            <bndbox>
                <xmin>215</xmin>
                <ymin>400</ymin>
                <xmax>319</xmax>
                <ymax>505</ymax>
            </bndbox>
        </object>
        <object>
            <name>plane</name>
            <pose>Unspecified</pose>
            <truncated>0</truncated>
            <difficult>0</difficult>
            <bndbox>
                <xmin>232</xmin>
                <ymin>330</ymin>
                <xmax>292</xmax>
                <ymax>390</ymax>
            </bndbox>
        </object>
        <object>
            <name>plane</name>
            <pose>Unspecified</pose>
            <truncated>0</truncated>
            <difficult>0</difficult>
            <bndbox>
                <xmin>144</xmin>
                <ymin>198</ymin>
                <xmax>181</xmax>
                <ymax>236</ymax>
            </bndbox>
        </object>
        <object>
            <name>plane</name>
            <pose>Unspecified</pose>
            <truncated>0</truncated>
            <difficult>0</difficult>
            <bndbox>
                <xmin>829</xmin>
                <ymin>137</ymin>
                <xmax>875</xmax>
                <ymax>188</ymax>
            </bndbox>
        </object>
        <object>
            <name>plane</name>
            <pose>Unspecified</pose>
            <truncated>0</truncated>
            <difficult>0</difficult>
            <bndbox>
                <xmin>867</xmin>
                <ymin>548</ymin>
                <xmax>937</xmax>
                <ymax>617</ymax>
            </bndbox>
        </object>
        <object>
            <name>plane</name>
            <pose>Unspecified</pose>
            <truncated>0</truncated>
            <difficult>0</difficult>
            <bndbox>
                <xmin>93</xmin>
                <ymin>258</ymin>
                <xmax>201</xmax>
                <ymax>366</ymax>
            </bndbox>
        </object>
        <object>
            <name>plane</name>
            <pose>Unspecified</pose>
            <truncated>0</truncated>
            <difficult>0</difficult>
            <bndbox>
                <xmin>189</xmin>
                <ymin>146</ymin>
                <xmax>294</xmax>
                <ymax>247</ymax>
            </bndbox>
        </object>
        
    </annotation>
    