
    <annotation>
        <folder>Python Fun</folder>
        <filename>img83.jpg</filename>
        <path>C:\Users\rober\Documents\Python Fun\plane.jpg</path>
        <source>
            <database>Unknown</database>
        </source>
        <size>
            <width>1000</width>
            <height>700</height>
            <depth>3</depth>
        </size>
        <segmented>0</segmented>
        
        <object>
            <name>plane</name>
            <pose>Unspecified</pose>
            <truncated>0</truncated>
            <difficult>0</difficult>
            <bndbox>
                <xmin>186</xmin>
                <ymin>583</ymin>
                <xmax>273</xmax>
                <ymax>673</ymax>
            </bndbox>
        </object>
        <object>
            <name>plane</name>
            <pose>Unspecified</pose>
            <truncated>0</truncated>
            <difficult>0</difficult>
            <bndbox>
                <xmin>362</xmin>
                <ymin>226</ymin>
                <xmax>399</xmax>
                <ymax>265</ymax>
            </bndbox>
        </object>
        <object>
            <name>plane</name>
            <pose>Unspecified</pose>
            <truncated>0</truncated>
            <difficult>0</difficult>
            <bndbox>
                <xmin>799</xmin>
                <ymin>592</ymin>
                <xmax>878</xmax>
                <ymax>668</ymax>
            </bndbox>
        </object>
        <object>
            <name>plane</name>
            <pose>Unspecified</pose>
            <truncated>0</truncated>
            <difficult>0</difficult>
            <bndbox>
                <xmin>648</xmin>
                <ymin>42</ymin>
                <xmax>703</xmax>
                <ymax>97</ymax>
            </bndbox>
        </object>
        <object>
            <name>plane</name>
            <pose>Unspecified</pose>
            <truncated>0</truncated>
            <difficult>0</difficult>
            <bndbox>
                <xmin>125</xmin>
                <ymin>537</ymin>
                <xmax>223</xmax>
                <ymax>637</ymax>
            </bndbox>
        </object>
        <object>
            <name>plane</name>
            <pose>Unspecified</pose>
            <truncated>0</truncated>
            <difficult>0</difficult>
            <bndbox>
                <xmin>186</xmin>
                <ymin>578</ymin>
                <xmax>230</xmax>
                <ymax>621</ymax>
            </bndbox>
        </object>
        <object>
            <name>plane</name>
            <pose>Unspecified</pose>
            <truncated>0</truncated>
            <difficult>0</difficult>
            <bndbox>
                <xmin>476</xmin>
                <ymin>285</ymin>
                <xmax>529</xmax>
                <ymax>341</ymax>
            </bndbox>
        </object>
        <object>
            <name>plane</name>
            <pose>Unspecified</pose>
            <truncated>0</truncated>
            <difficult>0</difficult>
            <bndbox>
                <xmin>192</xmin>
                <ymin>377</ymin>
                <xmax>235</xmax>
                <ymax>424</ymax>
            </bndbox>
        </object>
        <object>
            <name>plane</name>
            <pose>Unspecified</pose>
            <truncated>0</truncated>
            <difficult>0</difficult>
            <bndbox>
                <xmin>883</xmin>
                <ymin>102</ymin>
                <xmax>962</xmax>
                <ymax>181</ymax>
            </bndbox>
        </object>
        <object>
            <name>plane</name>
            <pose>Unspecified</pose>
            <truncated>0</truncated>
            <difficult>0</difficult>
            <bndbox>
                <xmin>431</xmin>
                <ymin>443</ymin>
                <xmax>519</xmax>
                <ymax>532</ymax>
            </bndbox>
        </object>
        <object>
            <name>plane</name>
            <pose>Unspecified</pose>
            <truncated>0</truncated>
            <difficult>0</difficult>
            <bndbox>
                <xmin>837</xmin>
                <ymin>292</ymin>
                <xmax>884</xmax>
                <ymax>338</ymax>
            </bndbox>
        </object>
        <object>
            <name>plane</name>
            <pose>Unspecified</pose>
            <truncated>0</truncated>
            <difficult>0</difficult>
            <bndbox>
                <xmin>661</xmin>
                <ymin>285</ymin>
                <xmax>740</xmax>
                <ymax>367</ymax>
            </bndbox>
        </object>
        <object>
            <name>plane</name>
            <pose>Unspecified</pose>
            <truncated>0</truncated>
            <difficult>0</difficult>
            <bndbox>
                <xmin>800</xmin>
                <ymin>294</ymin>
                <xmax>884</xmax>
                <ymax>387</ymax>
            </bndbox>
        </object>
        <object>
            <name>plane</name>
            <pose>Unspecified</pose>
            <truncated>0</truncated>
            <difficult>0</difficult>
            <bndbox>
                <xmin>210</xmin>
                <ymin>201</ymin>
                <xmax>257</xmax>
                <ymax>250</ymax>
            </bndbox>
        </object>
        <object>
            <name>plane</name>
            <pose>Unspecified</pose>
            <truncated>0</truncated>
            <difficult>0</difficult>
            <bndbox>
                <xmin>742</xmin>
                <ymin>245</ymin>
                <xmax>825</xmax>
                <ymax>318</ymax>
            </bndbox>
        </object>
        
    </annotation>
    