
    <annotation>
        <folder>Python Fun</folder>
        <filename>img86.jpg</filename>
        <path>C:\Users\rober\Documents\Python Fun\plane.jpg</path>
        <source>
            <database>Unknown</database>
        </source>
        <size>
            <width>1000</width>
            <height>700</height>
            <depth>3</depth>
        </size>
        <segmented>0</segmented>
        
        <object>
            <name>plane</name>
            <pose>Unspecified</pose>
            <truncated>0</truncated>
            <difficult>0</difficult>
            <bndbox>
                <xmin>346</xmin>
                <ymin>567</ymin>
                <xmax>394</xmax>
                <ymax>617</ymax>
            </bndbox>
        </object>
        <object>
            <name>plane</name>
            <pose>Unspecified</pose>
            <truncated>0</truncated>
            <difficult>0</difficult>
            <bndbox>
                <xmin>575</xmin>
                <ymin>269</ymin>
                <xmax>618</xmax>
                <ymax>314</ymax>
            </bndbox>
        </object>
        <object>
            <name>plane</name>
            <pose>Unspecified</pose>
            <truncated>0</truncated>
            <difficult>0</difficult>
            <bndbox>
                <xmin>722</xmin>
                <ymin>137</ymin>
                <xmax>791</xmax>
                <ymax>207</ymax>
            </bndbox>
        </object>
        <object>
            <name>plane</name>
            <pose>Unspecified</pose>
            <truncated>0</truncated>
            <difficult>0</difficult>
            <bndbox>
                <xmin>140</xmin>
                <ymin>368</ymin>
                <xmax>193</xmax>
                <ymax>422</ymax>
            </bndbox>
        </object>
        <object>
            <name>plane</name>
            <pose>Unspecified</pose>
            <truncated>0</truncated>
            <difficult>0</difficult>
            <bndbox>
                <xmin>370</xmin>
                <ymin>369</ymin>
                <xmax>413</xmax>
                <ymax>411</ymax>
            </bndbox>
        </object>
        <object>
            <name>plane</name>
            <pose>Unspecified</pose>
            <truncated>0</truncated>
            <difficult>0</difficult>
            <bndbox>
                <xmin>465</xmin>
                <ymin>100</ymin>
                <xmax>522</xmax>
                <ymax>158</ymax>
            </bndbox>
        </object>
        <object>
            <name>plane</name>
            <pose>Unspecified</pose>
            <truncated>0</truncated>
            <difficult>0</difficult>
            <bndbox>
                <xmin>298</xmin>
                <ymin>101</ymin>
                <xmax>352</xmax>
                <ymax>155</ymax>
            </bndbox>
        </object>
        <object>
            <name>plane</name>
            <pose>Unspecified</pose>
            <truncated>0</truncated>
            <difficult>0</difficult>
            <bndbox>
                <xmin>554</xmin>
                <ymin>127</ymin>
                <xmax>627</xmax>
                <ymax>202</ymax>
            </bndbox>
        </object>
        <object>
            <name>plane</name>
            <pose>Unspecified</pose>
            <truncated>0</truncated>
            <difficult>0</difficult>
            <bndbox>
                <xmin>168</xmin>
                <ymin>334</ymin>
                <xmax>235</xmax>
                <ymax>399</ymax>
            </bndbox>
        </object>
        <object>
            <name>plane</name>
            <pose>Unspecified</pose>
            <truncated>0</truncated>
            <difficult>0</difficult>
            <bndbox>
                <xmin>803</xmin>
                <ymin>353</ymin>
                <xmax>852</xmax>
                <ymax>402</ymax>
            </bndbox>
        </object>
        
    </annotation>
    