
    <annotation>
        <folder>Python Fun</folder>
        <filename>img80.jpg</filename>
        <path>C:\Users\rober\Documents\Python Fun\plane.jpg</path>
        <source>
            <database>Unknown</database>
        </source>
        <size>
            <width>1000</width>
            <height>700</height>
            <depth>3</depth>
        </size>
        <segmented>0</segmented>
        
        <object>
            <name>plane</name>
            <pose>Unspecified</pose>
            <truncated>0</truncated>
            <difficult>0</difficult>
            <bndbox>
                <xmin>149</xmin>
                <ymin>143</ymin>
                <xmax>238</xmax>
                <ymax>232</ymax>
            </bndbox>
        </object>
        <object>
            <name>plane</name>
            <pose>Unspecified</pose>
            <truncated>0</truncated>
            <difficult>0</difficult>
            <bndbox>
                <xmin>782</xmin>
                <ymin>377</ymin>
                <xmax>875</xmax>
                <ymax>473</ymax>
            </bndbox>
        </object>
        <object>
            <name>plane</name>
            <pose>Unspecified</pose>
            <truncated>0</truncated>
            <difficult>0</difficult>
            <bndbox>
                <xmin>725</xmin>
                <ymin>495</ymin>
                <xmax>801</xmax>
                <ymax>572</ymax>
            </bndbox>
        </object>
        <object>
            <name>plane</name>
            <pose>Unspecified</pose>
            <truncated>0</truncated>
            <difficult>0</difficult>
            <bndbox>
                <xmin>41</xmin>
                <ymin>189</ymin>
                <xmax>137</xmax>
                <ymax>286</ymax>
            </bndbox>
        </object>
        <object>
            <name>plane</name>
            <pose>Unspecified</pose>
            <truncated>0</truncated>
            <difficult>0</difficult>
            <bndbox>
                <xmin>95</xmin>
                <ymin>139</ymin>
                <xmax>184</xmax>
                <ymax>230</ymax>
            </bndbox>
        </object>
        <object>
            <name>plane</name>
            <pose>Unspecified</pose>
            <truncated>0</truncated>
            <difficult>0</difficult>
            <bndbox>
                <xmin>637</xmin>
                <ymin>108</ymin>
                <xmax>699</xmax>
                <ymax>168</ymax>
            </bndbox>
        </object>
        <object>
            <name>plane</name>
            <pose>Unspecified</pose>
            <truncated>0</truncated>
            <difficult>0</difficult>
            <bndbox>
                <xmin>117</xmin>
                <ymin>278</ymin>
                <xmax>191</xmax>
                <ymax>357</ymax>
            </bndbox>
        </object>
        <object>
            <name>plane</name>
            <pose>Unspecified</pose>
            <truncated>0</truncated>
            <difficult>0</difficult>
            <bndbox>
                <xmin>514</xmin>
                <ymin>86</ymin>
                <xmax>554</xmax>
                <ymax>126</ymax>
            </bndbox>
        </object>
        <object>
            <name>plane</name>
            <pose>Unspecified</pose>
            <truncated>0</truncated>
            <difficult>0</difficult>
            <bndbox>
                <xmin>145</xmin>
                <ymin>183</ymin>
                <xmax>232</xmax>
                <ymax>269</ymax>
            </bndbox>
        </object>
        <object>
            <name>plane</name>
            <pose>Unspecified</pose>
            <truncated>0</truncated>
            <difficult>0</difficult>
            <bndbox>
                <xmin>208</xmin>
                <ymin>218</ymin>
                <xmax>292</xmax>
                <ymax>306</ymax>
            </bndbox>
        </object>
        <object>
            <name>plane</name>
            <pose>Unspecified</pose>
            <truncated>0</truncated>
            <difficult>0</difficult>
            <bndbox>
                <xmin>487</xmin>
                <ymin>363</ymin>
                <xmax>574</xmax>
                <ymax>447</ymax>
            </bndbox>
        </object>
        <object>
            <name>plane</name>
            <pose>Unspecified</pose>
            <truncated>0</truncated>
            <difficult>0</difficult>
            <bndbox>
                <xmin>527</xmin>
                <ymin>43</ymin>
                <xmax>616</xmax>
                <ymax>128</ymax>
            </bndbox>
        </object>
        <object>
            <name>plane</name>
            <pose>Unspecified</pose>
            <truncated>0</truncated>
            <difficult>0</difficult>
            <bndbox>
                <xmin>420</xmin>
                <ymin>182</ymin>
                <xmax>455</xmax>
                <ymax>221</ymax>
            </bndbox>
        </object>
        
    </annotation>
    