
    <annotation>
        <folder>Python Fun</folder>
        <filename>img84.jpg</filename>
        <path>C:\Users\rober\Documents\Python Fun\plane.jpg</path>
        <source>
            <database>Unknown</database>
        </source>
        <size>
            <width>1000</width>
            <height>700</height>
            <depth>3</depth>
        </size>
        <segmented>0</segmented>
        
        <object>
            <name>plane</name>
            <pose>Unspecified</pose>
            <truncated>0</truncated>
            <difficult>0</difficult>
            <bndbox>
                <xmin>894</xmin>
                <ymin>91</ymin>
                <xmax>973</xmax>
                <ymax>171</ymax>
            </bndbox>
        </object>
        <object>
            <name>plane</name>
            <pose>Unspecified</pose>
            <truncated>0</truncated>
            <difficult>0</difficult>
            <bndbox>
                <xmin>338</xmin>
                <ymin>17</ymin>
                <xmax>444</xmax>
                <ymax>122</ymax>
            </bndbox>
        </object>
        <object>
            <name>plane</name>
            <pose>Unspecified</pose>
            <truncated>0</truncated>
            <difficult>0</difficult>
            <bndbox>
                <xmin>686</xmin>
                <ymin>365</ymin>
                <xmax>726</xmax>
                <ymax>403</ymax>
            </bndbox>
        </object>
        
    </annotation>
    