
    <annotation>
        <folder>Python Fun</folder>
        <filename>img90.jpg</filename>
        <path>C:\Users\rober\Documents\Python Fun\plane.jpg</path>
        <source>
            <database>Unknown</database>
        </source>
        <size>
            <width>1000</width>
            <height>700</height>
            <depth>3</depth>
        </size>
        <segmented>0</segmented>
        
        <object>
            <name>plane</name>
            <pose>Unspecified</pose>
            <truncated>0</truncated>
            <difficult>0</difficult>
            <bndbox>
                <xmin>429</xmin>
                <ymin>162</ymin>
                <xmax>499</xmax>
                <ymax>231</ymax>
            </bndbox>
        </object>
        <object>
            <name>plane</name>
            <pose>Unspecified</pose>
            <truncated>0</truncated>
            <difficult>0</difficult>
            <bndbox>
                <xmin>502</xmin>
                <ymin>592</ymin>
                <xmax>543</xmax>
                <ymax>631</ymax>
            </bndbox>
        </object>
        <object>
            <name>plane</name>
            <pose>Unspecified</pose>
            <truncated>0</truncated>
            <difficult>0</difficult>
            <bndbox>
                <xmin>145</xmin>
                <ymin>406</ymin>
                <xmax>196</xmax>
                <ymax>456</ymax>
            </bndbox>
        </object>
        <object>
            <name>plane</name>
            <pose>Unspecified</pose>
            <truncated>0</truncated>
            <difficult>0</difficult>
            <bndbox>
                <xmin>234</xmin>
                <ymin>470</ymin>
                <xmax>274</xmax>
                <ymax>509</ymax>
            </bndbox>
        </object>
        <object>
            <name>plane</name>
            <pose>Unspecified</pose>
            <truncated>0</truncated>
            <difficult>0</difficult>
            <bndbox>
                <xmin>372</xmin>
                <ymin>277</ymin>
                <xmax>438</xmax>
                <ymax>343</ymax>
            </bndbox>
        </object>
        <object>
            <name>plane</name>
            <pose>Unspecified</pose>
            <truncated>0</truncated>
            <difficult>0</difficult>
            <bndbox>
                <xmin>242</xmin>
                <ymin>496</ymin>
                <xmax>313</xmax>
                <ymax>572</ymax>
            </bndbox>
        </object>
        <object>
            <name>plane</name>
            <pose>Unspecified</pose>
            <truncated>0</truncated>
            <difficult>0</difficult>
            <bndbox>
                <xmin>233</xmin>
                <ymin>210</ymin>
                <xmax>332</xmax>
                <ymax>310</ymax>
            </bndbox>
        </object>
        <object>
            <name>plane</name>
            <pose>Unspecified</pose>
            <truncated>0</truncated>
            <difficult>0</difficult>
            <bndbox>
                <xmin>376</xmin>
                <ymin>56</ymin>
                <xmax>442</xmax>
                <ymax>123</ymax>
            </bndbox>
        </object>
        
    </annotation>
    