
    <annotation>
        <folder>Python Fun</folder>
        <filename>img91.jpg</filename>
        <path>C:\Users\rober\Documents\Python Fun\plane.jpg</path>
        <source>
            <database>Unknown</database>
        </source>
        <size>
            <width>1000</width>
            <height>700</height>
            <depth>3</depth>
        </size>
        <segmented>0</segmented>
        
        <object>
            <name>plane</name>
            <pose>Unspecified</pose>
            <truncated>0</truncated>
            <difficult>0</difficult>
            <bndbox>
                <xmin>795</xmin>
                <ymin>100</ymin>
                <xmax>889</xmax>
                <ymax>197</ymax>
            </bndbox>
        </object>
        <object>
            <name>plane</name>
            <pose>Unspecified</pose>
            <truncated>0</truncated>
            <difficult>0</difficult>
            <bndbox>
                <xmin>559</xmin>
                <ymin>415</ymin>
                <xmax>613</xmax>
                <ymax>476</ymax>
            </bndbox>
        </object>
        <object>
            <name>plane</name>
            <pose>Unspecified</pose>
            <truncated>0</truncated>
            <difficult>0</difficult>
            <bndbox>
                <xmin>573</xmin>
                <ymin>192</ymin>
                <xmax>643</xmax>
                <ymax>258</ymax>
            </bndbox>
        </object>
        <object>
            <name>plane</name>
            <pose>Unspecified</pose>
            <truncated>0</truncated>
            <difficult>0</difficult>
            <bndbox>
                <xmin>898</xmin>
                <ymin>270</ymin>
                <xmax>973</xmax>
                <ymax>348</ymax>
            </bndbox>
        </object>
        <object>
            <name>plane</name>
            <pose>Unspecified</pose>
            <truncated>0</truncated>
            <difficult>0</difficult>
            <bndbox>
                <xmin>681</xmin>
                <ymin>410</ymin>
                <xmax>728</xmax>
                <ymax>457</ymax>
            </bndbox>
        </object>
        <object>
            <name>plane</name>
            <pose>Unspecified</pose>
            <truncated>0</truncated>
            <difficult>0</difficult>
            <bndbox>
                <xmin>902</xmin>
                <ymin>373</ymin>
                <xmax>976</xmax>
                <ymax>447</ymax>
            </bndbox>
        </object>
        <object>
            <name>plane</name>
            <pose>Unspecified</pose>
            <truncated>0</truncated>
            <difficult>0</difficult>
            <bndbox>
                <xmin>369</xmin>
                <ymin>500</ymin>
                <xmax>406</xmax>
                <ymax>536</ymax>
            </bndbox>
        </object>
        <object>
            <name>plane</name>
            <pose>Unspecified</pose>
            <truncated>0</truncated>
            <difficult>0</difficult>
            <bndbox>
                <xmin>502</xmin>
                <ymin>519</ymin>
                <xmax>592</xmax>
                <ymax>611</ymax>
            </bndbox>
        </object>
        
    </annotation>
    