
    <annotation>
        <folder>Python Fun</folder>
        <filename>img93.jpg</filename>
        <path>C:\Users\rober\Documents\Python Fun\plane.jpg</path>
        <source>
            <database>Unknown</database>
        </source>
        <size>
            <width>1000</width>
            <height>700</height>
            <depth>3</depth>
        </size>
        <segmented>0</segmented>
        
        <object>
            <name>plane</name>
            <pose>Unspecified</pose>
            <truncated>0</truncated>
            <difficult>0</difficult>
            <bndbox>
                <xmin>406</xmin>
                <ymin>588</ymin>
                <xmax>456</xmax>
                <ymax>638</ymax>
            </bndbox>
        </object>
        <object>
            <name>plane</name>
            <pose>Unspecified</pose>
            <truncated>0</truncated>
            <difficult>0</difficult>
            <bndbox>
                <xmin>171</xmin>
                <ymin>245</ymin>
                <xmax>243</xmax>
                <ymax>316</ymax>
            </bndbox>
        </object>
        <object>
            <name>plane</name>
            <pose>Unspecified</pose>
            <truncated>0</truncated>
            <difficult>0</difficult>
            <bndbox>
                <xmin>414</xmin>
                <ymin>261</ymin>
                <xmax>471</xmax>
                <ymax>321</ymax>
            </bndbox>
        </object>
        <object>
            <name>plane</name>
            <pose>Unspecified</pose>
            <truncated>0</truncated>
            <difficult>0</difficult>
            <bndbox>
                <xmin>490</xmin>
                <ymin>446</ymin>
                <xmax>589</xmax>
                <ymax>543</ymax>
            </bndbox>
        </object>
        <object>
            <name>plane</name>
            <pose>Unspecified</pose>
            <truncated>0</truncated>
            <difficult>0</difficult>
            <bndbox>
                <xmin>86</xmin>
                <ymin>555</ymin>
                <xmax>139</xmax>
                <ymax>607</ymax>
            </bndbox>
        </object>
        <object>
            <name>plane</name>
            <pose>Unspecified</pose>
            <truncated>0</truncated>
            <difficult>0</difficult>
            <bndbox>
                <xmin>63</xmin>
                <ymin>318</ymin>
                <xmax>103</xmax>
                <ymax>357</ymax>
            </bndbox>
        </object>
        <object>
            <name>plane</name>
            <pose>Unspecified</pose>
            <truncated>0</truncated>
            <difficult>0</difficult>
            <bndbox>
                <xmin>302</xmin>
                <ymin>206</ymin>
                <xmax>390</xmax>
                <ymax>293</ymax>
            </bndbox>
        </object>
        <object>
            <name>plane</name>
            <pose>Unspecified</pose>
            <truncated>0</truncated>
            <difficult>0</difficult>
            <bndbox>
                <xmin>250</xmin>
                <ymin>204</ymin>
                <xmax>315</xmax>
                <ymax>272</ymax>
            </bndbox>
        </object>
        <object>
            <name>plane</name>
            <pose>Unspecified</pose>
            <truncated>0</truncated>
            <difficult>0</difficult>
            <bndbox>
                <xmin>222</xmin>
                <ymin>433</ymin>
                <xmax>314</xmax>
                <ymax>527</ymax>
            </bndbox>
        </object>
        <object>
            <name>plane</name>
            <pose>Unspecified</pose>
            <truncated>0</truncated>
            <difficult>0</difficult>
            <bndbox>
                <xmin>692</xmin>
                <ymin>584</ymin>
                <xmax>787</xmax>
                <ymax>682</ymax>
            </bndbox>
        </object>
        <object>
            <name>plane</name>
            <pose>Unspecified</pose>
            <truncated>0</truncated>
            <difficult>0</difficult>
            <bndbox>
                <xmin>598</xmin>
                <ymin>508</ymin>
                <xmax>640</xmax>
                <ymax>550</ymax>
            </bndbox>
        </object>
        <object>
            <name>plane</name>
            <pose>Unspecified</pose>
            <truncated>0</truncated>
            <difficult>0</difficult>
            <bndbox>
                <xmin>212</xmin>
                <ymin>106</ymin>
                <xmax>279</xmax>
                <ymax>182</ymax>
            </bndbox>
        </object>
        <object>
            <name>plane</name>
            <pose>Unspecified</pose>
            <truncated>0</truncated>
            <difficult>0</difficult>
            <bndbox>
                <xmin>108</xmin>
                <ymin>208</ymin>
                <xmax>140</xmax>
                <ymax>244</ymax>
            </bndbox>
        </object>
        <object>
            <name>plane</name>
            <pose>Unspecified</pose>
            <truncated>0</truncated>
            <difficult>0</difficult>
            <bndbox>
                <xmin>237</xmin>
                <ymin>549</ymin>
                <xmax>283</xmax>
                <ymax>597</ymax>
            </bndbox>
        </object>
        <object>
            <name>plane</name>
            <pose>Unspecified</pose>
            <truncated>0</truncated>
            <difficult>0</difficult>
            <bndbox>
                <xmin>121</xmin>
                <ymin>444</ymin>
                <xmax>172</xmax>
                <ymax>493</ymax>
            </bndbox>
        </object>
        
    </annotation>
    