
    <annotation>
        <folder>Python Fun</folder>
        <filename>img96.jpg</filename>
        <path>C:\Users\rober\Documents\Python Fun\plane.jpg</path>
        <source>
            <database>Unknown</database>
        </source>
        <size>
            <width>1000</width>
            <height>700</height>
            <depth>3</depth>
        </size>
        <segmented>0</segmented>
        
        <object>
            <name>plane</name>
            <pose>Unspecified</pose>
            <truncated>0</truncated>
            <difficult>0</difficult>
            <bndbox>
                <xmin>751</xmin>
                <ymin>519</ymin>
                <xmax>819</xmax>
                <ymax>589</ymax>
            </bndbox>
        </object>
        <object>
            <name>plane</name>
            <pose>Unspecified</pose>
            <truncated>0</truncated>
            <difficult>0</difficult>
            <bndbox>
                <xmin>726</xmin>
                <ymin>115</ymin>
                <xmax>818</xmax>
                <ymax>204</ymax>
            </bndbox>
        </object>
        <object>
            <name>plane</name>
            <pose>Unspecified</pose>
            <truncated>0</truncated>
            <difficult>0</difficult>
            <bndbox>
                <xmin>742</xmin>
                <ymin>252</ymin>
                <xmax>786</xmax>
                <ymax>299</ymax>
            </bndbox>
        </object>
        <object>
            <name>plane</name>
            <pose>Unspecified</pose>
            <truncated>0</truncated>
            <difficult>0</difficult>
            <bndbox>
                <xmin>469</xmin>
                <ymin>188</ymin>
                <xmax>547</xmax>
                <ymax>268</ymax>
            </bndbox>
        </object>
        <object>
            <name>plane</name>
            <pose>Unspecified</pose>
            <truncated>0</truncated>
            <difficult>0</difficult>
            <bndbox>
                <xmin>736</xmin>
                <ymin>440</ymin>
                <xmax>806</xmax>
                <ymax>508</ymax>
            </bndbox>
        </object>
        <object>
            <name>plane</name>
            <pose>Unspecified</pose>
            <truncated>0</truncated>
            <difficult>0</difficult>
            <bndbox>
                <xmin>877</xmin>
                <ymin>229</ymin>
                <xmax>932</xmax>
                <ymax>282</ymax>
            </bndbox>
        </object>
        <object>
            <name>plane</name>
            <pose>Unspecified</pose>
            <truncated>0</truncated>
            <difficult>0</difficult>
            <bndbox>
                <xmin>196</xmin>
                <ymin>370</ymin>
                <xmax>251</xmax>
                <ymax>423</ymax>
            </bndbox>
        </object>
        <object>
            <name>plane</name>
            <pose>Unspecified</pose>
            <truncated>0</truncated>
            <difficult>0</difficult>
            <bndbox>
                <xmin>852</xmin>
                <ymin>370</ymin>
                <xmax>902</xmax>
                <ymax>413</ymax>
            </bndbox>
        </object>
        <object>
            <name>plane</name>
            <pose>Unspecified</pose>
            <truncated>0</truncated>
            <difficult>0</difficult>
            <bndbox>
                <xmin>808</xmin>
                <ymin>310</ymin>
                <xmax>855</xmax>
                <ymax>357</ymax>
            </bndbox>
        </object>
        <object>
            <name>plane</name>
            <pose>Unspecified</pose>
            <truncated>0</truncated>
            <difficult>0</difficult>
            <bndbox>
                <xmin>190</xmin>
                <ymin>570</ymin>
                <xmax>227</xmax>
                <ymax>607</ymax>
            </bndbox>
        </object>
        <object>
            <name>plane</name>
            <pose>Unspecified</pose>
            <truncated>0</truncated>
            <difficult>0</difficult>
            <bndbox>
                <xmin>155</xmin>
                <ymin>231</ymin>
                <xmax>210</xmax>
                <ymax>284</ymax>
            </bndbox>
        </object>
        <object>
            <name>plane</name>
            <pose>Unspecified</pose>
            <truncated>0</truncated>
            <difficult>0</difficult>
            <bndbox>
                <xmin>222</xmin>
                <ymin>271</ymin>
                <xmax>314</xmax>
                <ymax>364</ymax>
            </bndbox>
        </object>
        <object>
            <name>plane</name>
            <pose>Unspecified</pose>
            <truncated>0</truncated>
            <difficult>0</difficult>
            <bndbox>
                <xmin>722</xmin>
                <ymin>232</ymin>
                <xmax>792</xmax>
                <ymax>300</ymax>
            </bndbox>
        </object>
        <object>
            <name>plane</name>
            <pose>Unspecified</pose>
            <truncated>0</truncated>
            <difficult>0</difficult>
            <bndbox>
                <xmin>428</xmin>
                <ymin>82</ymin>
                <xmax>514</xmax>
                <ymax>173</ymax>
            </bndbox>
        </object>
        <object>
            <name>plane</name>
            <pose>Unspecified</pose>
            <truncated>0</truncated>
            <difficult>0</difficult>
            <bndbox>
                <xmin>876</xmin>
                <ymin>517</ymin>
                <xmax>923</xmax>
                <ymax>562</ymax>
            </bndbox>
        </object>
        
    </annotation>
    