
    <annotation>
        <folder>Python Fun</folder>
        <filename>img92.jpg</filename>
        <path>C:\Users\rober\Documents\Python Fun\plane.jpg</path>
        <source>
            <database>Unknown</database>
        </source>
        <size>
            <width>1000</width>
            <height>700</height>
            <depth>3</depth>
        </size>
        <segmented>0</segmented>
        
        <object>
            <name>plane</name>
            <pose>Unspecified</pose>
            <truncated>0</truncated>
            <difficult>0</difficult>
            <bndbox>
                <xmin>236</xmin>
                <ymin>445</ymin>
                <xmax>321</xmax>
                <ymax>533</ymax>
            </bndbox>
        </object>
        <object>
            <name>plane</name>
            <pose>Unspecified</pose>
            <truncated>0</truncated>
            <difficult>0</difficult>
            <bndbox>
                <xmin>450</xmin>
                <ymin>29</ymin>
                <xmax>541</xmax>
                <ymax>118</ymax>
            </bndbox>
        </object>
        <object>
            <name>plane</name>
            <pose>Unspecified</pose>
            <truncated>0</truncated>
            <difficult>0</difficult>
            <bndbox>
                <xmin>466</xmin>
                <ymin>258</ymin>
                <xmax>563</xmax>
                <ymax>356</ymax>
            </bndbox>
        </object>
        <object>
            <name>plane</name>
            <pose>Unspecified</pose>
            <truncated>0</truncated>
            <difficult>0</difficult>
            <bndbox>
                <xmin>206</xmin>
                <ymin>296</ymin>
                <xmax>241</xmax>
                <ymax>332</ymax>
            </bndbox>
        </object>
        <object>
            <name>plane</name>
            <pose>Unspecified</pose>
            <truncated>0</truncated>
            <difficult>0</difficult>
            <bndbox>
                <xmin>406</xmin>
                <ymin>579</ymin>
                <xmax>466</xmax>
                <ymax>640</ymax>
            </bndbox>
        </object>
        <object>
            <name>plane</name>
            <pose>Unspecified</pose>
            <truncated>0</truncated>
            <difficult>0</difficult>
            <bndbox>
                <xmin>219</xmin>
                <ymin>586</ymin>
                <xmax>310</xmax>
                <ymax>677</ymax>
            </bndbox>
        </object>
        <object>
            <name>plane</name>
            <pose>Unspecified</pose>
            <truncated>0</truncated>
            <difficult>0</difficult>
            <bndbox>
                <xmin>553</xmin>
                <ymin>350</ymin>
                <xmax>652</xmax>
                <ymax>452</ymax>
            </bndbox>
        </object>
        
    </annotation>
    