
    <annotation>
        <folder>Python Fun</folder>
        <filename>img99.jpg</filename>
        <path>C:\Users\rober\Documents\Python Fun\plane.jpg</path>
        <source>
            <database>Unknown</database>
        </source>
        <size>
            <width>1000</width>
            <height>700</height>
            <depth>3</depth>
        </size>
        <segmented>0</segmented>
        
        <object>
            <name>plane</name>
            <pose>Unspecified</pose>
            <truncated>0</truncated>
            <difficult>0</difficult>
            <bndbox>
                <xmin>658</xmin>
                <ymin>451</ymin>
                <xmax>690</xmax>
                <ymax>481</ymax>
            </bndbox>
        </object>
        <object>
            <name>plane</name>
            <pose>Unspecified</pose>
            <truncated>0</truncated>
            <difficult>0</difficult>
            <bndbox>
                <xmin>87</xmin>
                <ymin>110</ymin>
                <xmax>175</xmax>
                <ymax>194</ymax>
            </bndbox>
        </object>
        <object>
            <name>plane</name>
            <pose>Unspecified</pose>
            <truncated>0</truncated>
            <difficult>0</difficult>
            <bndbox>
                <xmin>219</xmin>
                <ymin>224</ymin>
                <xmax>281</xmax>
                <ymax>290</ymax>
            </bndbox>
        </object>
        <object>
            <name>plane</name>
            <pose>Unspecified</pose>
            <truncated>0</truncated>
            <difficult>0</difficult>
            <bndbox>
                <xmin>540</xmin>
                <ymin>504</ymin>
                <xmax>647</xmax>
                <ymax>611</ymax>
            </bndbox>
        </object>
        <object>
            <name>plane</name>
            <pose>Unspecified</pose>
            <truncated>0</truncated>
            <difficult>0</difficult>
            <bndbox>
                <xmin>118</xmin>
                <ymin>308</ymin>
                <xmax>210</xmax>
                <ymax>401</ymax>
            </bndbox>
        </object>
        <object>
            <name>plane</name>
            <pose>Unspecified</pose>
            <truncated>0</truncated>
            <difficult>0</difficult>
            <bndbox>
                <xmin>346</xmin>
                <ymin>89</ymin>
                <xmax>439</xmax>
                <ymax>182</ymax>
            </bndbox>
        </object>
        
    </annotation>
    