
    <annotation>
        <folder>Python Fun</folder>
        <filename>img9.jpg</filename>
        <path>C:\Users\rober\Documents\Python Fun\plane.jpg</path>
        <source>
            <database>Unknown</database>
        </source>
        <size>
            <width>1000</width>
            <height>700</height>
            <depth>3</depth>
        </size>
        <segmented>0</segmented>
        
        <object>
            <name>plane</name>
            <pose>Unspecified</pose>
            <truncated>0</truncated>
            <difficult>0</difficult>
            <bndbox>
                <xmin>627</xmin>
                <ymin>442</ymin>
                <xmax>688</xmax>
                <ymax>497</ymax>
            </bndbox>
        </object>
        <object>
            <name>plane</name>
            <pose>Unspecified</pose>
            <truncated>0</truncated>
            <difficult>0</difficult>
            <bndbox>
                <xmin>735</xmin>
                <ymin>167</ymin>
                <xmax>797</xmax>
                <ymax>227</ymax>
            </bndbox>
        </object>
        <object>
            <name>plane</name>
            <pose>Unspecified</pose>
            <truncated>0</truncated>
            <difficult>0</difficult>
            <bndbox>
                <xmin>332</xmin>
                <ymin>69</ymin>
                <xmax>387</xmax>
                <ymax>128</ymax>
            </bndbox>
        </object>
        <object>
            <name>plane</name>
            <pose>Unspecified</pose>
            <truncated>0</truncated>
            <difficult>0</difficult>
            <bndbox>
                <xmin>698</xmin>
                <ymin>310</ymin>
                <xmax>747</xmax>
                <ymax>364</ymax>
            </bndbox>
        </object>
        <object>
            <name>plane</name>
            <pose>Unspecified</pose>
            <truncated>0</truncated>
            <difficult>0</difficult>
            <bndbox>
                <xmin>410</xmin>
                <ymin>536</ymin>
                <xmax>469</xmax>
                <ymax>597</ymax>
            </bndbox>
        </object>
        <object>
            <name>plane</name>
            <pose>Unspecified</pose>
            <truncated>0</truncated>
            <difficult>0</difficult>
            <bndbox>
                <xmin>713</xmin>
                <ymin>102</ymin>
                <xmax>788</xmax>
                <ymax>175</ymax>
            </bndbox>
        </object>
        <object>
            <name>plane</name>
            <pose>Unspecified</pose>
            <truncated>0</truncated>
            <difficult>0</difficult>
            <bndbox>
                <xmin>263</xmin>
                <ymin>42</ymin>
                <xmax>307</xmax>
                <ymax>85</ymax>
            </bndbox>
        </object>
        
    </annotation>
    