
    <annotation>
        <folder>Python Fun</folder>
        <filename>img97.jpg</filename>
        <path>C:\Users\rober\Documents\Python Fun\plane.jpg</path>
        <source>
            <database>Unknown</database>
        </source>
        <size>
            <width>1000</width>
            <height>700</height>
            <depth>3</depth>
        </size>
        <segmented>0</segmented>
        
        <object>
            <name>plane</name>
            <pose>Unspecified</pose>
            <truncated>0</truncated>
            <difficult>0</difficult>
            <bndbox>
                <xmin>300</xmin>
                <ymin>475</ymin>
                <xmax>369</xmax>
                <ymax>542</ymax>
            </bndbox>
        </object>
        <object>
            <name>plane</name>
            <pose>Unspecified</pose>
            <truncated>0</truncated>
            <difficult>0</difficult>
            <bndbox>
                <xmin>64</xmin>
                <ymin>545</ymin>
                <xmax>134</xmax>
                <ymax>615</ymax>
            </bndbox>
        </object>
        <object>
            <name>plane</name>
            <pose>Unspecified</pose>
            <truncated>0</truncated>
            <difficult>0</difficult>
            <bndbox>
                <xmin>892</xmin>
                <ymin>487</ymin>
                <xmax>956</xmax>
                <ymax>554</ymax>
            </bndbox>
        </object>
        <object>
            <name>plane</name>
            <pose>Unspecified</pose>
            <truncated>0</truncated>
            <difficult>0</difficult>
            <bndbox>
                <xmin>542</xmin>
                <ymin>129</ymin>
                <xmax>610</xmax>
                <ymax>200</ymax>
            </bndbox>
        </object>
        <object>
            <name>plane</name>
            <pose>Unspecified</pose>
            <truncated>0</truncated>
            <difficult>0</difficult>
            <bndbox>
                <xmin>537</xmin>
                <ymin>157</ymin>
                <xmax>587</xmax>
                <ymax>209</ymax>
            </bndbox>
        </object>
        <object>
            <name>plane</name>
            <pose>Unspecified</pose>
            <truncated>0</truncated>
            <difficult>0</difficult>
            <bndbox>
                <xmin>649</xmin>
                <ymin>568</ymin>
                <xmax>714</xmax>
                <ymax>638</ymax>
            </bndbox>
        </object>
        <object>
            <name>plane</name>
            <pose>Unspecified</pose>
            <truncated>0</truncated>
            <difficult>0</difficult>
            <bndbox>
                <xmin>889</xmin>
                <ymin>266</ymin>
                <xmax>947</xmax>
                <ymax>324</ymax>
            </bndbox>
        </object>
        <object>
            <name>plane</name>
            <pose>Unspecified</pose>
            <truncated>0</truncated>
            <difficult>0</difficult>
            <bndbox>
                <xmin>101</xmin>
                <ymin>340</ymin>
                <xmax>171</xmax>
                <ymax>406</ymax>
            </bndbox>
        </object>
        <object>
            <name>plane</name>
            <pose>Unspecified</pose>
            <truncated>0</truncated>
            <difficult>0</difficult>
            <bndbox>
                <xmin>374</xmin>
                <ymin>196</ymin>
                <xmax>434</xmax>
                <ymax>256</ymax>
            </bndbox>
        </object>
        <object>
            <name>plane</name>
            <pose>Unspecified</pose>
            <truncated>0</truncated>
            <difficult>0</difficult>
            <bndbox>
                <xmin>51</xmin>
                <ymin>168</ymin>
                <xmax>90</xmax>
                <ymax>211</ymax>
            </bndbox>
        </object>
        <object>
            <name>plane</name>
            <pose>Unspecified</pose>
            <truncated>0</truncated>
            <difficult>0</difficult>
            <bndbox>
                <xmin>612</xmin>
                <ymin>447</ymin>
                <xmax>689</xmax>
                <ymax>521</ymax>
            </bndbox>
        </object>
        <object>
            <name>plane</name>
            <pose>Unspecified</pose>
            <truncated>0</truncated>
            <difficult>0</difficult>
            <bndbox>
                <xmin>174</xmin>
                <ymin>53</ymin>
                <xmax>223</xmax>
                <ymax>101</ymax>
            </bndbox>
        </object>
        
    </annotation>
    