
    <annotation>
        <folder>Python Fun</folder>
        <filename>img94.jpg</filename>
        <path>C:\Users\rober\Documents\Python Fun\plane.jpg</path>
        <source>
            <database>Unknown</database>
        </source>
        <size>
            <width>1000</width>
            <height>700</height>
            <depth>3</depth>
        </size>
        <segmented>0</segmented>
        
        <object>
            <name>plane</name>
            <pose>Unspecified</pose>
            <truncated>0</truncated>
            <difficult>0</difficult>
            <bndbox>
                <xmin>297</xmin>
                <ymin>418</ymin>
                <xmax>397</xmax>
                <ymax>518</ymax>
            </bndbox>
        </object>
        <object>
            <name>plane</name>
            <pose>Unspecified</pose>
            <truncated>0</truncated>
            <difficult>0</difficult>
            <bndbox>
                <xmin>649</xmin>
                <ymin>162</ymin>
                <xmax>720</xmax>
                <ymax>235</ymax>
            </bndbox>
        </object>
        <object>
            <name>plane</name>
            <pose>Unspecified</pose>
            <truncated>0</truncated>
            <difficult>0</difficult>
            <bndbox>
                <xmin>888</xmin>
                <ymin>424</ymin>
                <xmax>959</xmax>
                <ymax>494</ymax>
            </bndbox>
        </object>
        
    </annotation>
    