
    <annotation>
        <folder>Python Fun</folder>
        <filename>img95.jpg</filename>
        <path>C:\Users\rober\Documents\Python Fun\plane.jpg</path>
        <source>
            <database>Unknown</database>
        </source>
        <size>
            <width>1000</width>
            <height>700</height>
            <depth>3</depth>
        </size>
        <segmented>0</segmented>
        
        <object>
            <name>plane</name>
            <pose>Unspecified</pose>
            <truncated>0</truncated>
            <difficult>0</difficult>
            <bndbox>
                <xmin>707</xmin>
                <ymin>101</ymin>
                <xmax>773</xmax>
                <ymax>164</ymax>
            </bndbox>
        </object>
        <object>
            <name>plane</name>
            <pose>Unspecified</pose>
            <truncated>0</truncated>
            <difficult>0</difficult>
            <bndbox>
                <xmin>111</xmin>
                <ymin>63</ymin>
                <xmax>184</xmax>
                <ymax>136</ymax>
            </bndbox>
        </object>
        <object>
            <name>plane</name>
            <pose>Unspecified</pose>
            <truncated>0</truncated>
            <difficult>0</difficult>
            <bndbox>
                <xmin>114</xmin>
                <ymin>268</ymin>
                <xmax>164</xmax>
                <ymax>312</ymax>
            </bndbox>
        </object>
        <object>
            <name>plane</name>
            <pose>Unspecified</pose>
            <truncated>0</truncated>
            <difficult>0</difficult>
            <bndbox>
                <xmin>253</xmin>
                <ymin>128</ymin>
                <xmax>304</xmax>
                <ymax>179</ymax>
            </bndbox>
        </object>
        <object>
            <name>plane</name>
            <pose>Unspecified</pose>
            <truncated>0</truncated>
            <difficult>0</difficult>
            <bndbox>
                <xmin>338</xmin>
                <ymin>530</ymin>
                <xmax>398</xmax>
                <ymax>589</ymax>
            </bndbox>
        </object>
        <object>
            <name>plane</name>
            <pose>Unspecified</pose>
            <truncated>0</truncated>
            <difficult>0</difficult>
            <bndbox>
                <xmin>788</xmin>
                <ymin>480</ymin>
                <xmax>856</xmax>
                <ymax>549</ymax>
            </bndbox>
        </object>
        <object>
            <name>plane</name>
            <pose>Unspecified</pose>
            <truncated>0</truncated>
            <difficult>0</difficult>
            <bndbox>
                <xmin>802</xmin>
                <ymin>84</ymin>
                <xmax>858</xmax>
                <ymax>136</ymax>
            </bndbox>
        </object>
        <object>
            <name>plane</name>
            <pose>Unspecified</pose>
            <truncated>0</truncated>
            <difficult>0</difficult>
            <bndbox>
                <xmin>536</xmin>
                <ymin>182</ymin>
                <xmax>607</xmax>
                <ymax>256</ymax>
            </bndbox>
        </object>
        <object>
            <name>plane</name>
            <pose>Unspecified</pose>
            <truncated>0</truncated>
            <difficult>0</difficult>
            <bndbox>
                <xmin>733</xmin>
                <ymin>295</ymin>
                <xmax>801</xmax>
                <ymax>362</ymax>
            </bndbox>
        </object>
        
    </annotation>
    