<?xml version="1.0" ?>
<annotation>
  <folder>VOC</folder>
  <filename>person (173).jpg</filename>
  <source>
    <database>roboflow.ai</database>
  </source>
  <size>
    <width>450</width>
    <height>300</height>
    <depth>3</depth>
  </size>
  <segmented>0</segmented>
  <object>
    <name>person</name>
    <bndbox>
      <xmin>201</xmin>
      <ymin>30</ymin>
      <xmax>449</xmax>
      <ymax>299</ymax>
    </bndbox>
  </object>
  <object>
    <name>person</name>
    <bndbox>
      <xmin>48</xmin>
      <ymin>69</ymin>
      <xmax>242</xmax>
      <ymax>299</ymax>
    </bndbox>
  </object>
</annotation>
