<?xml version="1.0" ?>
<annotation>
  <folder>VOC</folder>
  <filename>person (136).jpg</filename>
  <source>
    <database>roboflow.ai</database>
  </source>
  <size>
    <width>431</width>
    <height>300</height>
    <depth>3</depth>
  </size>
  <segmented>0</segmented>
  <object>
    <name>person</name>
    <bndbox>
      <xmin>167</xmin>
      <ymin>17</ymin>
      <xmax>430</xmax>
      <ymax>299</ymax>
    </bndbox>
  </object>
  <object>
    <name>person</name>
    <bndbox>
      <xmin>13</xmin>
      <ymin>53</ymin>
      <xmax>209</xmax>
      <ymax>299</ymax>
    </bndbox>
  </object>
</annotation>
