<?xml version="1.0" ?>
<annotation>
  <folder>VOC</folder>
  <filename>person (192).jpg</filename>
  <source>
    <database>roboflow.ai</database>
  </source>
  <size>
    <width>190</width>
    <height>300</height>
    <depth>3</depth>
  </size>
  <segmented>0</segmented>
  <object>
    <name>person</name>
    <bndbox>
      <xmin>35</xmin>
      <ymin>85</ymin>
      <xmax>186</xmax>
      <ymax>299</ymax>
    </bndbox>
  </object>
  <object>
    <name>person</name>
    <bndbox>
      <xmin>36</xmin>
      <ymin>84</ymin>
      <xmax>147</xmax>
      <ymax>299</ymax>
    </bndbox>
  </object>
</annotation>
