<?xml version="1.0" ?>
<annotation>
  <folder>VOC</folder>
  <filename>person (120).jpg</filename>
  <source>
    <database>roboflow.ai</database>
  </source>
  <size>
    <width>450</width>
    <height>300</height>
    <depth>3</depth>
  </size>
  <segmented>0</segmented>
  <object>
    <name>person</name>
    <bndbox>
      <xmin>299</xmin>
      <ymin>109</ymin>
      <xmax>413</xmax>
      <ymax>198</ymax>
    </bndbox>
  </object>
  <object>
    <name>person</name>
    <bndbox>
      <xmin>0</xmin>
      <ymin>135</ymin>
      <xmax>152</xmax>
      <ymax>238</ymax>
    </bndbox>
  </object>
  <object>
    <name>person</name>
    <bndbox>
      <xmin>239</xmin>
      <ymin>79</ymin>
      <xmax>320</xmax>
      <ymax>224</ymax>
    </bndbox>
  </object>
  <object>
    <name>person</name>
    <bndbox>
      <xmin>392</xmin>
      <ymin>85</ymin>
      <xmax>449</xmax>
      <ymax>205</ymax>
    </bndbox>
  </object>
  <object>
    <name>person</name>
    <bndbox>
      <xmin>124</xmin>
      <ymin>55</ymin>
      <xmax>249</xmax>
      <ymax>263</ymax>
    </bndbox>
  </object>
</annotation>
