<?xml version="1.0" ?>
<annotation>
  <folder>VOC</folder>
  <filename>person (121).jpg</filename>
  <source>
    <database>roboflow.ai</database>
  </source>
  <size>
    <width>517</width>
    <height>300</height>
    <depth>3</depth>
  </size>
  <segmented>0</segmented>
  <object>
    <name>person</name>
    <bndbox>
      <xmin>54</xmin>
      <ymin>0</ymin>
      <xmax>280</xmax>
      <ymax>299</ymax>
    </bndbox>
  </object>
  <object>
    <name>person</name>
    <bndbox>
      <xmin>186</xmin>
      <ymin>66</ymin>
      <xmax>387</xmax>
      <ymax>299</ymax>
    </bndbox>
  </object>
  <object>
    <name>person</name>
    <bndbox>
      <xmin>256</xmin>
      <ymin>66</ymin>
      <xmax>387</xmax>
      <ymax>299</ymax>
    </bndbox>
  </object>
</annotation>
