<?xml version="1.0" ?>
<annotation>
  <folder>VOC</folder>
  <filename>person (166).jpg</filename>
  <source>
    <database>roboflow.ai</database>
  </source>
  <size>
    <width>450</width>
    <height>300</height>
    <depth>3</depth>
  </size>
  <segmented>0</segmented>
  <object>
    <name>person</name>
    <bndbox>
      <xmin>95</xmin>
      <ymin>24</ymin>
      <xmax>370</xmax>
      <ymax>298</ymax>
    </bndbox>
  </object>
  <object>
    <name>person</name>
    <bndbox>
      <xmin>1</xmin>
      <ymin>24</ymin>
      <xmax>371</xmax>
      <ymax>298</ymax>
    </bndbox>
  </object>
</annotation>
