<?xml version="1.0" ?>
<annotation>
  <folder>VOC</folder>
  <filename>person (160).jpg</filename>
  <source>
    <database>roboflow.ai</database>
  </source>
  <size>
    <width>450</width>
    <height>300</height>
    <depth>3</depth>
  </size>
  <segmented>0</segmented>
  <object>
    <name>person</name>
    <bndbox>
      <xmin>51</xmin>
      <ymin>52</ymin>
      <xmax>319</xmax>
      <ymax>299</ymax>
    </bndbox>
  </object>
  <object>
    <name>person</name>
    <bndbox>
      <xmin>351</xmin>
      <ymin>101</ymin>
      <xmax>409</xmax>
      <ymax>291</ymax>
    </bndbox>
  </object>
  <object>
    <name>person</name>
    <bndbox>
      <xmin>281</xmin>
      <ymin>108</ymin>
      <xmax>323</xmax>
      <ymax>250</ymax>
    </bndbox>
  </object>
  <object>
    <name>person</name>
    <bndbox>
      <xmin>399</xmin>
      <ymin>109</ymin>
      <xmax>447</xmax>
      <ymax>298</ymax>
    </bndbox>
  </object>
</annotation>
