<?xml version="1.0" ?>
<annotation>
  <folder>VOC</folder>
  <filename>person (194).jpg</filename>
  <source>
    <database>roboflow.ai</database>
  </source>
  <size>
    <width>450</width>
    <height>300</height>
    <depth>3</depth>
  </size>
  <segmented>0</segmented>
  <object>
    <name>person</name>
    <bndbox>
      <xmin>1</xmin>
      <ymin>12</ymin>
      <xmax>244</xmax>
      <ymax>298</ymax>
    </bndbox>
  </object>
  <object>
    <name>person</name>
    <bndbox>
      <xmin>194</xmin>
      <ymin>15</ymin>
      <xmax>449</xmax>
      <ymax>298</ymax>
    </bndbox>
  </object>
  <object>
    <name>person</name>
    <bndbox>
      <xmin>69</xmin>
      <ymin>59</ymin>
      <xmax>218</xmax>
      <ymax>298</ymax>
    </bndbox>
  </object>
  <object>
    <name>person</name>
    <bndbox>
      <xmin>196</xmin>
      <ymin>76</ymin>
      <xmax>362</xmax>
      <ymax>298</ymax>
    </bndbox>
  </object>
  <object>
    <name>person</name>
    <bndbox>
      <xmin>225</xmin>
      <ymin>76</ymin>
      <xmax>362</xmax>
      <ymax>298</ymax>
    </bndbox>
  </object>
</annotation>
