<?xml version="1.0" ?>
<annotation>
  <folder>VOC</folder>
  <filename>person (155).jpg</filename>
  <source>
    <database>roboflow.ai</database>
  </source>
  <size>
    <width>450</width>
    <height>300</height>
    <depth>3</depth>
  </size>
  <segmented>0</segmented>
  <object>
    <name>person</name>
    <bndbox>
      <xmin>202</xmin>
      <ymin>1</ymin>
      <xmax>414</xmax>
      <ymax>296</ymax>
    </bndbox>
  </object>
  <object>
    <name>person</name>
    <bndbox>
      <xmin>198</xmin>
      <ymin>1</ymin>
      <xmax>448</xmax>
      <ymax>298</ymax>
    </bndbox>
  </object>
</annotation>
