<?xml version="1.0" ?>
<annotation>
  <folder>VOC</folder>
  <filename>person (162).jpg</filename>
  <source>
    <database>roboflow.ai</database>
  </source>
  <size>
    <width>450</width>
    <height>300</height>
    <depth>3</depth>
  </size>
  <segmented>0</segmented>
  <object>
    <name>person</name>
    <bndbox>
      <xmin>278</xmin>
      <ymin>94</ymin>
      <xmax>400</xmax>
      <ymax>299</ymax>
    </bndbox>
  </object>
  <object>
    <name>person</name>
    <bndbox>
      <xmin>38</xmin>
      <ymin>99</ymin>
      <xmax>179</xmax>
      <ymax>299</ymax>
    </bndbox>
  </object>
  <object>
    <name>person</name>
    <bndbox>
      <xmin>167</xmin>
      <ymin>75</ymin>
      <xmax>290</xmax>
      <ymax>299</ymax>
    </bndbox>
  </object>
</annotation>
