<?xml version="1.0" ?>
<annotation>
  <folder>VOC</folder>
  <filename>person (187).jpg</filename>
  <source>
    <database>roboflow.ai</database>
  </source>
  <size>
    <width>450</width>
    <height>300</height>
    <depth>3</depth>
  </size>
  <segmented>0</segmented>
  <object>
    <name>person</name>
    <bndbox>
      <xmin>127</xmin>
      <ymin>42</ymin>
      <xmax>448</xmax>
      <ymax>294</ymax>
    </bndbox>
  </object>
  <object>
    <name>person</name>
    <bndbox>
      <xmin>0</xmin>
      <ymin>10</ymin>
      <xmax>181</xmax>
      <ymax>281</ymax>
    </bndbox>
  </object>
</annotation>
