<?xml version="1.0" ?>
<annotation>
  <folder>VOC</folder>
  <filename>person (117).jpg</filename>
  <source>
    <database>roboflow.ai</database>
  </source>
  <size>
    <width>200</width>
    <height>300</height>
    <depth>3</depth>
  </size>
  <segmented>0</segmented>
  <object>
    <name>person</name>
    <bndbox>
      <xmin>0</xmin>
      <ymin>58</ymin>
      <xmax>199</xmax>
      <ymax>252</ymax>
    </bndbox>
  </object>
  <object>
    <name>person</name>
    <bndbox>
      <xmin>52</xmin>
      <ymin>86</ymin>
      <xmax>175</xmax>
      <ymax>253</ymax>
    </bndbox>
  </object>
  <object>
    <name>person</name>
    <bndbox>
      <xmin>11</xmin>
      <ymin>84</ymin>
      <xmax>60</xmax>
      <ymax>211</ymax>
    </bndbox>
  </object>
</annotation>
