<?xml version="1.0" ?>
<annotation>
  <folder>VOC</folder>
  <filename>person (193).jpg</filename>
  <source>
    <database>roboflow.ai</database>
  </source>
  <size>
    <width>420</width>
    <height>300</height>
    <depth>3</depth>
  </size>
  <segmented>0</segmented>
  <object>
    <name>person</name>
    <bndbox>
      <xmin>137</xmin>
      <ymin>17</ymin>
      <xmax>337</xmax>
      <ymax>273</ymax>
    </bndbox>
  </object>
  <object>
    <name>person</name>
    <bndbox>
      <xmin>61</xmin>
      <ymin>41</ymin>
      <xmax>177</xmax>
      <ymax>240</ymax>
    </bndbox>
  </object>
</annotation>
