<?xml version="1.0" ?>
<annotation>
  <folder>VOC</folder>
  <filename>person (126).jpg</filename>
  <source>
    <database>roboflow.ai</database>
  </source>
  <size>
    <width>449</width>
    <height>300</height>
    <depth>3</depth>
  </size>
  <segmented>0</segmented>
  <object>
    <name>person</name>
    <bndbox>
      <xmin>151</xmin>
      <ymin>50</ymin>
      <xmax>305</xmax>
      <ymax>298</ymax>
    </bndbox>
  </object>
  <object>
    <name>person</name>
    <bndbox>
      <xmin>144</xmin>
      <ymin>48</ymin>
      <xmax>343</xmax>
      <ymax>297</ymax>
    </bndbox>
  </object>
</annotation>
