<?xml version="1.0" ?>
<annotation>
  <folder>VOC</folder>
  <filename>person (182).jpg</filename>
  <source>
    <database>roboflow.ai</database>
  </source>
  <size>
    <width>450</width>
    <height>300</height>
    <depth>3</depth>
  </size>
  <segmented>0</segmented>
  <object>
    <name>person</name>
    <bndbox>
      <xmin>71</xmin>
      <ymin>21</ymin>
      <xmax>328</xmax>
      <ymax>284</ymax>
    </bndbox>
  </object>
  <object>
    <name>person</name>
    <bndbox>
      <xmin>9</xmin>
      <ymin>7</ymin>
      <xmax>329</xmax>
      <ymax>284</ymax>
    </bndbox>
  </object>
</annotation>
