<?xml version="1.0" ?>
<annotation>
  <folder>VOC</folder>
  <filename>person (188).jpg</filename>
  <source>
    <database>roboflow.ai</database>
  </source>
  <size>
    <width>450</width>
    <height>300</height>
    <depth>3</depth>
  </size>
  <segmented>0</segmented>
  <object>
    <name>person</name>
    <bndbox>
      <xmin>143</xmin>
      <ymin>66</ymin>
      <xmax>424</xmax>
      <ymax>298</ymax>
    </bndbox>
  </object>
  <object>
    <name>person</name>
    <bndbox>
      <xmin>1</xmin>
      <ymin>65</ymin>
      <xmax>433</xmax>
      <ymax>298</ymax>
    </bndbox>
  </object>
</annotation>
