<?xml version="1.0" ?>
<annotation>
  <folder>VOC</folder>
  <filename>person (125).jpg</filename>
  <source>
    <database>roboflow.ai</database>
  </source>
  <size>
    <width>450</width>
    <height>300</height>
    <depth>3</depth>
  </size>
  <segmented>0</segmented>
  <object>
    <name>person</name>
    <bndbox>
      <xmin>176</xmin>
      <ymin>0</ymin>
      <xmax>436</xmax>
      <ymax>298</ymax>
    </bndbox>
  </object>
  <object>
    <name>person</name>
    <bndbox>
      <xmin>0</xmin>
      <ymin>0</ymin>
      <xmax>179</xmax>
      <ymax>299</ymax>
    </bndbox>
  </object>
  <object>
    <name>person</name>
    <bndbox>
      <xmin>395</xmin>
      <ymin>0</ymin>
      <xmax>449</xmax>
      <ymax>299</ymax>
    </bndbox>
  </object>
</annotation>
