<?xml version="1.0" ?>
<annotation>
  <folder>VOC</folder>
  <filename>person (124).jpg</filename>
  <source>
    <database>roboflow.ai</database>
  </source>
  <size>
    <width>450</width>
    <height>300</height>
    <depth>3</depth>
  </size>
  <segmented>0</segmented>
  <object>
    <name>person</name>
    <bndbox>
      <xmin>268</xmin>
      <ymin>61</ymin>
      <xmax>397</xmax>
      <ymax>280</ymax>
    </bndbox>
  </object>
  <object>
    <name>person</name>
    <bndbox>
      <xmin>183</xmin>
      <ymin>90</ymin>
      <xmax>273</xmax>
      <ymax>279</ymax>
    </bndbox>
  </object>
  <object>
    <name>person</name>
    <bndbox>
      <xmin>59</xmin>
      <ymin>41</ymin>
      <xmax>221</xmax>
      <ymax>297</ymax>
    </bndbox>
  </object>
</annotation>
