<?xml version="1.0" ?>
<annotation>
  <folder>VOC</folder>
  <filename>person (183).jpg</filename>
  <source>
    <database>roboflow.ai</database>
  </source>
  <size>
    <width>417</width>
    <height>300</height>
    <depth>3</depth>
  </size>
  <segmented>0</segmented>
  <object>
    <name>person</name>
    <bndbox>
      <xmin>0</xmin>
      <ymin>4</ymin>
      <xmax>242</xmax>
      <ymax>298</ymax>
    </bndbox>
  </object>
  <object>
    <name>person</name>
    <bndbox>
      <xmin>210</xmin>
      <ymin>116</ymin>
      <xmax>416</xmax>
      <ymax>299</ymax>
    </bndbox>
  </object>
  <object>
    <name>person</name>
    <bndbox>
      <xmin>64</xmin>
      <ymin>127</ymin>
      <xmax>184</xmax>
      <ymax>281</ymax>
    </bndbox>
  </object>
  <object>
    <name>person</name>
    <bndbox>
      <xmin>126</xmin>
      <ymin>114</ymin>
      <xmax>202</xmax>
      <ymax>222</ymax>
    </bndbox>
  </object>
  <object>
    <name>person</name>
    <bndbox>
      <xmin>329</xmin>
      <ymin>104</ymin>
      <xmax>380</xmax>
      <ymax>182</ymax>
    </bndbox>
  </object>
</annotation>
