<?xml version="1.0" ?>
<annotation>
  <folder>VOC</folder>
  <filename>person (127).jpg</filename>
  <source>
    <database>roboflow.ai</database>
  </source>
  <size>
    <width>450</width>
    <height>300</height>
    <depth>3</depth>
  </size>
  <segmented>0</segmented>
  <object>
    <name>person</name>
    <bndbox>
      <xmin>101</xmin>
      <ymin>42</ymin>
      <xmax>360</xmax>
      <ymax>298</ymax>
    </bndbox>
  </object>
  <object>
    <name>person</name>
    <bndbox>
      <xmin>49</xmin>
      <ymin>170</ymin>
      <xmax>116</xmax>
      <ymax>299</ymax>
    </bndbox>
  </object>
</annotation>
