
<annotation>
    <folder>images</folder>
    <filename>phones92.jpg</filename>
    <size>
        <width>400</width>
        <height>267</height>
        <depth>3</depth>
    </size>
    <segmented>0</segmented>
    <object>
        <name>phone</name>
        <pose>Unspecified</pose>
        <truncated>0</truncated>
        <occluded>0</occluded>
        <difficult>0</difficult>
        <bndbox>
            <xmin>128</xmin>
            <ymin>47</ymin>
            <xmax>306</xmax>
            <ymax>222</ymax>
        </bndbox>
    </object>
</annotation>