
<annotation>
    <folder>images</folder>
    <filename>phones17.jpg</filename>
    <size>
        <width>320</width>
        <height>400</height>
        <depth>3</depth>
    </size>
    <segmented>0</segmented>
    <object>
        <name>phone</name>
        <pose>Unspecified</pose>
        <truncated>0</truncated>
        <occluded>0</occluded>
        <difficult>0</difficult>
        <bndbox>
            <xmin>133</xmin>
            <ymin>267</ymin>
            <xmax>240</xmax>
            <ymax>350</ymax>
        </bndbox>
    </object>
</annotation>