
<annotation>
    <folder>images</folder>
    <filename>phones12.jpg</filename>
    <size>
        <width>320</width>
        <height>400</height>
        <depth>3</depth>
    </size>
    <segmented>0</segmented>
    <object>
        <name>phone</name>
        <pose>Unspecified</pose>
        <truncated>0</truncated>
        <occluded>0</occluded>
        <difficult>0</difficult>
        <bndbox>
            <xmin>188</xmin>
            <ymin>120</ymin>
            <xmax>294</xmax>
            <ymax>287</ymax>
        </bndbox>
    </object>
</annotation>