
<annotation>
    <folder>images</folder>
    <filename>phones53.jpg</filename>
    <size>
        <width>400</width>
        <height>316</height>
        <depth>3</depth>
    </size>
    <segmented>0</segmented>
    <object>
        <name>phone</name>
        <pose>Unspecified</pose>
        <truncated>0</truncated>
        <occluded>0</occluded>
        <difficult>0</difficult>
        <bndbox>
            <xmin>165</xmin>
            <ymin>111</ymin>
            <xmax>231</xmax>
            <ymax>240</ymax>
        </bndbox>
    </object>
</annotation>