
<annotation>
    <folder>images</folder>
    <filename>phones68.jpg</filename>
    <size>
        <width>400</width>
        <height>280</height>
        <depth>3</depth>
    </size>
    <segmented>0</segmented>
    <object>
        <name>phone</name>
        <pose>Unspecified</pose>
        <truncated>0</truncated>
        <occluded>0</occluded>
        <difficult>0</difficult>
        <bndbox>
            <xmin>159</xmin>
            <ymin>68</ymin>
            <xmax>241</xmax>
            <ymax>226</ymax>
        </bndbox>
    </object>
</annotation>