
<annotation>
    <folder>images</folder>
    <filename>phones76.jpg</filename>
    <size>
        <width>400</width>
        <height>239</height>
        <depth>3</depth>
    </size>
    <segmented>0</segmented>
    <object>
        <name>phone</name>
        <pose>Unspecified</pose>
        <truncated>0</truncated>
        <occluded>0</occluded>
        <difficult>0</difficult>
        <bndbox>
            <xmin>62</xmin>
            <ymin>35</ymin>
            <xmax>133</xmax>
            <ymax>183</ymax>
        </bndbox>
    </object>
</annotation>