
<annotation>
    <folder>images</folder>
    <filename>phones91.jpg</filename>
    <size>
        <width>320</width>
        <height>400</height>
        <depth>3</depth>
    </size>
    <segmented>0</segmented>
    <object>
        <name>phone</name>
        <pose>Unspecified</pose>
        <truncated>0</truncated>
        <occluded>0</occluded>
        <difficult>0</difficult>
        <bndbox>
            <xmin>131</xmin>
            <ymin>139</ymin>
            <xmax>218</xmax>
            <ymax>274</ymax>
        </bndbox>
    </object>
</annotation>