
<annotation>
    <folder>images</folder>
    <filename>phones96.jpg</filename>
    <size>
        <width>400</width>
        <height>267</height>
        <depth>3</depth>
    </size>
    <segmented>0</segmented>
    <object>
        <name>phone</name>
        <pose>Unspecified</pose>
        <truncated>0</truncated>
        <occluded>0</occluded>
        <difficult>0</difficult>
        <bndbox>
            <xmin>156</xmin>
            <ymin>43</ymin>
            <xmax>265</xmax>
            <ymax>222</ymax>
        </bndbox>
    </object>
</annotation>