
<annotation>
    <folder>images</folder>
    <filename>phones19.jpg</filename>
    <size>
        <width>320</width>
        <height>400</height>
        <depth>3</depth>
    </size>
    <segmented>0</segmented>
    <object>
        <name>phone</name>
        <pose>Unspecified</pose>
        <truncated>0</truncated>
        <occluded>0</occluded>
        <difficult>0</difficult>
        <bndbox>
            <xmin>149</xmin>
            <ymin>99</ymin>
            <xmax>264</xmax>
            <ymax>325</ymax>
        </bndbox>
    </object>
</annotation>