
<annotation>
    <folder>images</folder>
    <filename>phones74.jpg</filename>
    <size>
        <width>267</width>
        <height>400</height>
        <depth>3</depth>
    </size>
    <segmented>0</segmented>
    <object>
        <name>phone</name>
        <pose>Unspecified</pose>
        <truncated>0</truncated>
        <occluded>0</occluded>
        <difficult>0</difficult>
        <bndbox>
            <xmin>64</xmin>
            <ymin>167</ymin>
            <xmax>136</xmax>
            <ymax>257</ymax>
        </bndbox>
    </object>
</annotation>